keyindex,year,topic,category,count,countall,color
1,2013,blank,,0,99999,#ffffff
2,2013,blank,,0,99999,#ffffff
3,2013,E-Cigarette Ban,Health,8,8,#f8d399
4,2013,E-Cigarette Ban,Health,8,8,#f8d399
5,2013,E-Cigarette Ban,Health,8,8,#f8d399
6,2013,E-Cigarette Ban,Health,8,8,#f8d399
7,2013,E-Cigarette Ban,Health,8,8,#f8d399
8,2013,E-Cigarette Ban,Health,8,8,#f8d399
9,2013,E-Cigarette Ban,Health,8,8,#f8d399
10,2013,E-Cigarette Ban,Health,8,8,#f8d399
11,2013,NYC Transit,Transportation,24,117,#cbd5e4
12,2013,NYC Transit,Transportation,24,117,#cbd5e4
13,2013,NYC Transit,Transportation,24,117,#cbd5e4
14,2013,NYC Transit,Transportation,24,117,#cbd5e4
15,2013,NYC Transit,Transportation,24,117,#cbd5e4
16,2013,NYC Transit,Transportation,24,117,#cbd5e4
17,2013,NYC Transit,Transportation,24,117,#cbd5e4
18,2013,NYC Transit,Transportation,24,117,#cbd5e4
19,2013,NYC Transit,Transportation,24,117,#cbd5e4
20,2013,NYC Transit,Transportation,24,117,#cbd5e4
21,2013,NYC Transit,Transportation,24,117,#cbd5e4
22,2013,NYC Transit,Transportation,24,117,#cbd5e4
23,2013,NYC Transit,Transportation,24,117,#cbd5e4
24,2013,NYC Transit,Transportation,24,117,#cbd5e4
25,2013,NYC Transit,Transportation,24,117,#cbd5e4
26,2013,NYC Transit,Transportation,24,117,#cbd5e4
27,2013,NYC Transit,Transportation,24,117,#cbd5e4
28,2013,NYC Transit,Transportation,24,117,#cbd5e4
29,2013,NYC Transit,Transportation,24,117,#cbd5e4
30,2013,NYC Transit,Transportation,24,117,#cbd5e4
31,2013,NYC Transit,Transportation,24,117,#cbd5e4
32,2013,NYC Transit,Transportation,24,117,#cbd5e4
33,2013,NYC Transit,Transportation,24,117,#cbd5e4
34,2013,NYC Transit,Transportation,24,117,#cbd5e4
35,2013,Education,Education,60,226,#f4e192
36,2013,Education,Education,60,226,#f4e192
37,2013,Education,Education,60,226,#f4e192
38,2013,Education,Education,60,226,#f4e192
39,2013,Education,Education,60,226,#f4e192
40,2013,Education,Education,60,226,#f4e192
41,2013,Education,Education,60,226,#f4e192
42,2013,Education,Education,60,226,#f4e192
43,2013,Education,Education,60,226,#f4e192
44,2013,Education,Education,60,226,#f4e192
45,2013,Education,Education,60,226,#f4e192
46,2013,Education,Education,60,226,#f4e192
47,2013,Education,Education,60,226,#f4e192
48,2013,Education,Education,60,226,#f4e192
49,2013,Education,Education,60,226,#f4e192
50,2013,Education,Education,60,226,#f4e192
51,2013,Education,Education,60,226,#f4e192
52,2013,Education,Education,60,226,#f4e192
53,2013,Education,Education,60,226,#f4e192
54,2013,Education,Education,60,226,#f4e192
55,2013,Education,Education,60,226,#f4e192
56,2013,Education,Education,60,226,#f4e192
57,2013,Education,Education,60,226,#f4e192
58,2013,Education,Education,60,226,#f4e192
59,2013,Education,Education,60,226,#f4e192
60,2013,Education,Education,60,226,#f4e192
61,2013,Education,Education,60,226,#f4e192
62,2013,Education,Education,60,226,#f4e192
63,2013,Education,Education,60,226,#f4e192
64,2013,Education,Education,60,226,#f4e192
65,2013,Education,Education,60,226,#f4e192
66,2013,Education,Education,60,226,#f4e192
67,2013,Education,Education,60,226,#f4e192
68,2013,Education,Education,60,226,#f4e192
69,2013,Education,Education,60,226,#f4e192
70,2013,Education,Education,60,226,#f4e192
71,2013,Education,Education,60,226,#f4e192
72,2013,Education,Education,60,226,#f4e192
73,2013,Education,Education,60,226,#f4e192
74,2013,Education,Education,60,226,#f4e192
75,2013,Education,Education,60,226,#f4e192
76,2013,Education,Education,60,226,#f4e192
77,2013,Education,Education,60,226,#f4e192
78,2013,Education,Education,60,226,#f4e192
79,2013,Education,Education,60,226,#f4e192
80,2013,Education,Education,60,226,#f4e192
81,2013,Education,Education,60,226,#f4e192
82,2013,Education,Education,60,226,#f4e192
83,2013,Education,Education,60,226,#f4e192
84,2013,Education,Education,60,226,#f4e192
85,2013,Education,Education,60,226,#f4e192
86,2013,Education,Education,60,226,#f4e192
87,2013,Education,Education,60,226,#f4e192
88,2013,Education,Education,60,226,#f4e192
89,2013,Education,Education,60,226,#f4e192
90,2013,Education,Education,60,226,#f4e192
91,2013,Education,Education,60,226,#f4e192
92,2013,Education,Education,60,226,#f4e192
93,2013,Education,Education,60,226,#f4e192
94,2013,Education,Education,60,226,#f4e192
95,2013,Election,Election,170,194,#d9e793
96,2013,Election,Election,170,194,#d9e793
97,2013,Election,Election,170,194,#d9e793
98,2013,Election,Election,170,194,#d9e793
99,2013,Election,Election,170,194,#d9e793
100,2013,Election,Election,170,194,#d9e793
101,2013,Election,Election,170,194,#d9e793
102,2013,Election,Election,170,194,#d9e793
103,2013,Election,Election,170,194,#d9e793
104,2013,Election,Election,170,194,#d9e793
105,2013,Election,Election,170,194,#d9e793
106,2013,Election,Election,170,194,#d9e793
107,2013,Election,Election,170,194,#d9e793
108,2013,Election,Election,170,194,#d9e793
109,2013,Election,Election,170,194,#d9e793
110,2013,Election,Election,170,194,#d9e793
111,2013,Election,Election,170,194,#d9e793
112,2013,Election,Election,170,194,#d9e793
113,2013,Election,Election,170,194,#d9e793
114,2013,Election,Election,170,194,#d9e793
115,2013,Election,Election,170,194,#d9e793
116,2013,Election,Election,170,194,#d9e793
117,2013,Election,Election,170,194,#d9e793
118,2013,Election,Election,170,194,#d9e793
119,2013,Election,Election,170,194,#d9e793
120,2013,Election,Election,170,194,#d9e793
121,2013,Election,Election,170,194,#d9e793
122,2013,Election,Election,170,194,#d9e793
123,2013,Election,Election,170,194,#d9e793
124,2013,Election,Election,170,194,#d9e793
125,2013,Election,Election,170,194,#d9e793
126,2013,Election,Election,170,194,#d9e793
127,2013,Election,Election,170,194,#d9e793
128,2013,Election,Election,170,194,#d9e793
129,2013,Election,Election,170,194,#d9e793
130,2013,Election,Election,170,194,#d9e793
131,2013,Election,Election,170,194,#d9e793
132,2013,Election,Election,170,194,#d9e793
133,2013,Election,Election,170,194,#d9e793
134,2013,Election,Election,170,194,#d9e793
135,2013,Election,Election,170,194,#d9e793
136,2013,Election,Election,170,194,#d9e793
137,2013,Election,Election,170,194,#d9e793
138,2013,Election,Election,170,194,#d9e793
139,2013,Election,Election,170,194,#d9e793
140,2013,Election,Election,170,194,#d9e793
141,2013,Election,Election,170,194,#d9e793
142,2013,Election,Election,170,194,#d9e793
143,2013,Election,Election,170,194,#d9e793
144,2013,Election,Election,170,194,#d9e793
145,2013,Election,Election,170,194,#d9e793
146,2013,Election,Election,170,194,#d9e793
147,2013,Election,Election,170,194,#d9e793
148,2013,Election,Election,170,194,#d9e793
149,2013,Election,Election,170,194,#d9e793
150,2013,Election,Election,170,194,#d9e793
151,2013,Election,Election,170,194,#d9e793
152,2013,Election,Election,170,194,#d9e793
153,2013,Election,Election,170,194,#d9e793
154,2013,Election,Election,170,194,#d9e793
155,2013,Election,Election,170,194,#d9e793
156,2013,Election,Election,170,194,#d9e793
157,2013,Election,Election,170,194,#d9e793
158,2013,Election,Election,170,194,#d9e793
159,2013,Election,Election,170,194,#d9e793
160,2013,Election,Election,170,194,#d9e793
161,2013,Election,Election,170,194,#d9e793
162,2013,Election,Election,170,194,#d9e793
163,2013,Election,Election,170,194,#d9e793
164,2013,Election,Election,170,194,#d9e793
165,2013,Election,Election,170,194,#d9e793
166,2013,Election,Election,170,194,#d9e793
167,2013,Election,Election,170,194,#d9e793
168,2013,Election,Election,170,194,#d9e793
169,2013,Election,Election,170,194,#d9e793
170,2013,Election,Election,170,194,#d9e793
171,2013,Election,Election,170,194,#d9e793
172,2013,Election,Election,170,194,#d9e793
173,2013,Election,Election,170,194,#d9e793
174,2013,Election,Election,170,194,#d9e793
175,2013,Election,Election,170,194,#d9e793
176,2013,Election,Election,170,194,#d9e793
177,2013,Election,Election,170,194,#d9e793
178,2013,Election,Election,170,194,#d9e793
179,2013,Election,Election,170,194,#d9e793
180,2013,Election,Election,170,194,#d9e793
181,2013,Election,Election,170,194,#d9e793
182,2013,Election,Election,170,194,#d9e793
183,2013,Election,Election,170,194,#d9e793
184,2013,Election,Election,170,194,#d9e793
185,2013,Election,Election,170,194,#d9e793
186,2013,Election,Election,170,194,#d9e793
187,2013,Election,Election,170,194,#d9e793
188,2013,Election,Election,170,194,#d9e793
189,2013,Election,Election,170,194,#d9e793
190,2013,Election,Election,170,194,#d9e793
191,2013,Election,Election,170,194,#d9e793
192,2013,Election,Election,170,194,#d9e793
193,2013,Election,Election,170,194,#d9e793
194,2013,Election,Election,170,194,#d9e793
195,2013,Election,Election,170,194,#d9e793
196,2013,Election,Election,170,194,#d9e793
197,2013,Election,Election,170,194,#d9e793
198,2013,Election,Election,170,194,#d9e793
199,2013,Election,Election,170,194,#d9e793
200,2013,Election,Election,170,194,#d9e793
201,2013,Election,Election,170,194,#d9e793
202,2013,Election,Election,170,194,#d9e793
203,2013,Election,Election,170,194,#d9e793
204,2013,Election,Election,170,194,#d9e793
205,2013,Election,Election,170,194,#d9e793
206,2013,Election,Election,170,194,#d9e793
207,2013,Election,Election,170,194,#d9e793
208,2013,Election,Election,170,194,#d9e793
209,2013,Election,Election,170,194,#d9e793
210,2013,Election,Election,170,194,#d9e793
211,2013,Election,Election,170,194,#d9e793
212,2013,Election,Election,170,194,#d9e793
213,2013,Election,Election,170,194,#d9e793
214,2013,Election,Election,170,194,#d9e793
215,2013,Election,Election,170,194,#d9e793
216,2013,Election,Election,170,194,#d9e793
217,2013,Election,Election,170,194,#d9e793
218,2013,Election,Election,170,194,#d9e793
219,2013,Election,Election,170,194,#d9e793
220,2013,Election,Election,170,194,#d9e793
221,2013,Election,Election,170,194,#d9e793
222,2013,Election,Election,170,194,#d9e793
223,2013,Election,Election,170,194,#d9e793
224,2013,Election,Election,170,194,#d9e793
225,2013,Election,Election,170,194,#d9e793
226,2013,Election,Election,170,194,#d9e793
227,2013,Election,Election,170,194,#d9e793
228,2013,Election,Election,170,194,#d9e793
229,2013,Election,Election,170,194,#d9e793
230,2013,Election,Election,170,194,#d9e793
231,2013,Election,Election,170,194,#d9e793
232,2013,Election,Election,170,194,#d9e793
233,2013,Election,Election,170,194,#d9e793
234,2013,Election,Election,170,194,#d9e793
235,2013,Election,Election,170,194,#d9e793
236,2013,Election,Election,170,194,#d9e793
237,2013,Election,Election,170,194,#d9e793
238,2013,Election,Election,170,194,#d9e793
239,2013,Election,Election,170,194,#d9e793
240,2013,Election,Election,170,194,#d9e793
241,2013,Election,Election,170,194,#d9e793
242,2013,Election,Election,170,194,#d9e793
243,2013,Election,Election,170,194,#d9e793
244,2013,Election,Election,170,194,#d9e793
245,2013,Election,Election,170,194,#d9e793
246,2013,Election,Election,170,194,#d9e793
247,2013,Election,Election,170,194,#d9e793
248,2013,Election,Election,170,194,#d9e793
249,2013,Election,Election,170,194,#d9e793
250,2013,Election,Election,170,194,#d9e793
251,2013,Election,Election,170,194,#d9e793
252,2013,Election,Election,170,194,#d9e793
253,2013,Election,Election,170,194,#d9e793
254,2013,Election,Election,170,194,#d9e793
255,2013,Election,Election,170,194,#d9e793
256,2013,Election,Election,170,194,#d9e793
257,2013,Election,Election,170,194,#d9e793
258,2013,Election,Election,170,194,#d9e793
259,2013,Election,Election,170,194,#d9e793
260,2013,Election,Election,170,194,#d9e793
261,2013,Election,Election,170,194,#d9e793
262,2013,Election,Election,170,194,#d9e793
263,2013,Election,Election,170,194,#d9e793
264,2013,Election,Election,170,194,#d9e793
265,2014,blank,,0,99999,#ffffff
266,2014,blank,,0,99999,#ffffff
267,2014,Real Estate,Housing,24,76,#ff91a2
268,2014,Real Estate,Housing,24,76,#ff91a2
269,2014,Real Estate,Housing,24,76,#ff91a2
270,2014,Real Estate,Housing,24,76,#ff91a2
271,2014,Real Estate,Housing,24,76,#ff91a2
272,2014,Real Estate,Housing,24,76,#ff91a2
273,2014,Real Estate,Housing,24,76,#ff91a2
274,2014,Real Estate,Housing,24,76,#ff91a2
275,2014,Real Estate,Housing,24,76,#ff91a2
276,2014,Real Estate,Housing,24,76,#ff91a2
277,2014,Real Estate,Housing,24,76,#ff91a2
278,2014,Real Estate,Housing,24,76,#ff91a2
279,2014,Real Estate,Housing,24,76,#ff91a2
280,2014,Real Estate,Housing,24,76,#ff91a2
281,2014,Real Estate,Housing,24,76,#ff91a2
282,2014,Real Estate,Housing,24,76,#ff91a2
283,2014,Real Estate,Housing,24,76,#ff91a2
284,2014,Real Estate,Housing,24,76,#ff91a2
285,2014,Real Estate,Housing,24,76,#ff91a2
286,2014,Real Estate,Housing,24,76,#ff91a2
287,2014,Real Estate,Housing,24,76,#ff91a2
288,2014,Real Estate,Housing,24,76,#ff91a2
289,2014,Real Estate,Housing,24,76,#ff91a2
290,2014,Real Estate,Housing,24,76,#ff91a2
291,2014,Rikers Mental Health,Homeland Security,38,38,#db97b0
292,2014,Rikers Mental Health,Homeland Security,38,38,#db97b0
293,2014,Rikers Mental Health,Homeland Security,38,38,#db97b0
294,2014,Rikers Mental Health,Homeland Security,38,38,#db97b0
295,2014,Rikers Mental Health,Homeland Security,38,38,#db97b0
296,2014,Rikers Mental Health,Homeland Security,38,38,#db97b0
297,2014,Rikers Mental Health,Homeland Security,38,38,#db97b0
298,2014,Rikers Mental Health,Homeland Security,38,38,#db97b0
299,2014,Rikers Mental Health,Homeland Security,38,38,#db97b0
300,2014,Rikers Mental Health,Homeland Security,38,38,#db97b0
301,2014,Rikers Mental Health,Homeland Security,38,38,#db97b0
302,2014,Rikers Mental Health,Homeland Security,38,38,#db97b0
303,2014,Rikers Mental Health,Homeland Security,38,38,#db97b0
304,2014,Rikers Mental Health,Homeland Security,38,38,#db97b0
305,2014,Rikers Mental Health,Homeland Security,38,38,#db97b0
306,2014,Rikers Mental Health,Homeland Security,38,38,#db97b0
307,2014,Rikers Mental Health,Homeland Security,38,38,#db97b0
308,2014,Rikers Mental Health,Homeland Security,38,38,#db97b0
309,2014,Rikers Mental Health,Homeland Security,38,38,#db97b0
310,2014,Rikers Mental Health,Homeland Security,38,38,#db97b0
311,2014,Rikers Mental Health,Homeland Security,38,38,#db97b0
312,2014,Rikers Mental Health,Homeland Security,38,38,#db97b0
313,2014,Rikers Mental Health,Homeland Security,38,38,#db97b0
314,2014,Rikers Mental Health,Homeland Security,38,38,#db97b0
315,2014,Rikers Mental Health,Homeland Security,38,38,#db97b0
316,2014,Rikers Mental Health,Homeland Security,38,38,#db97b0
317,2014,Rikers Mental Health,Homeland Security,38,38,#db97b0
318,2014,Rikers Mental Health,Homeland Security,38,38,#db97b0
319,2014,Rikers Mental Health,Homeland Security,38,38,#db97b0
320,2014,Rikers Mental Health,Homeland Security,38,38,#db97b0
321,2014,Rikers Mental Health,Homeland Security,38,38,#db97b0
322,2014,Rikers Mental Health,Homeland Security,38,38,#db97b0
323,2014,Rikers Mental Health,Homeland Security,38,38,#db97b0
324,2014,Rikers Mental Health,Homeland Security,38,38,#db97b0
325,2014,Rikers Mental Health,Homeland Security,38,38,#db97b0
326,2014,Rikers Mental Health,Homeland Security,38,38,#db97b0
327,2014,Rikers Mental Health,Homeland Security,38,38,#db97b0
328,2014,Rikers Mental Health,Homeland Security,38,38,#db97b0
329,2014,Police,Homeland Security,43,190,#f0b8d2
330,2014,Police,Homeland Security,43,190,#f0b8d2
331,2014,Police,Homeland Security,43,190,#f0b8d2
332,2014,Police,Homeland Security,43,190,#f0b8d2
333,2014,Police,Homeland Security,43,190,#f0b8d2
334,2014,Police,Homeland Security,43,190,#f0b8d2
335,2014,Police,Homeland Security,43,190,#f0b8d2
336,2014,Police,Homeland Security,43,190,#f0b8d2
337,2014,Police,Homeland Security,43,190,#f0b8d2
338,2014,Police,Homeland Security,43,190,#f0b8d2
339,2014,Police,Homeland Security,43,190,#f0b8d2
340,2014,Police,Homeland Security,43,190,#f0b8d2
341,2014,Police,Homeland Security,43,190,#f0b8d2
342,2014,Police,Homeland Security,43,190,#f0b8d2
343,2014,Police,Homeland Security,43,190,#f0b8d2
344,2014,Police,Homeland Security,43,190,#f0b8d2
345,2014,Police,Homeland Security,43,190,#f0b8d2
346,2014,Police,Homeland Security,43,190,#f0b8d2
347,2014,Police,Homeland Security,43,190,#f0b8d2
348,2014,Police,Homeland Security,43,190,#f0b8d2
349,2014,Police,Homeland Security,43,190,#f0b8d2
350,2014,Police,Homeland Security,43,190,#f0b8d2
351,2014,Police,Homeland Security,43,190,#f0b8d2
352,2014,Police,Homeland Security,43,190,#f0b8d2
353,2014,Police,Homeland Security,43,190,#f0b8d2
354,2014,Police,Homeland Security,43,190,#f0b8d2
355,2014,Police,Homeland Security,43,190,#f0b8d2
356,2014,Police,Homeland Security,43,190,#f0b8d2
357,2014,Police,Homeland Security,43,190,#f0b8d2
358,2014,Police,Homeland Security,43,190,#f0b8d2
359,2014,Police,Homeland Security,43,190,#f0b8d2
360,2014,Police,Homeland Security,43,190,#f0b8d2
361,2014,Police,Homeland Security,43,190,#f0b8d2
362,2014,Police,Homeland Security,43,190,#f0b8d2
363,2014,Police,Homeland Security,43,190,#f0b8d2
364,2014,Police,Homeland Security,43,190,#f0b8d2
365,2014,Police,Homeland Security,43,190,#f0b8d2
366,2014,Police,Homeland Security,43,190,#f0b8d2
367,2014,Police,Homeland Security,43,190,#f0b8d2
368,2014,Police,Homeland Security,43,190,#f0b8d2
369,2014,Police,Homeland Security,43,190,#f0b8d2
370,2014,Police,Homeland Security,43,190,#f0b8d2
371,2014,Police,Homeland Security,43,190,#f0b8d2
372,2014,Housing,Housing,56,56,#6bd9b9
373,2014,Housing,Housing,56,56,#6bd9b9
374,2014,Housing,Housing,56,56,#6bd9b9
375,2014,Housing,Housing,56,56,#6bd9b9
376,2014,Housing,Housing,56,56,#6bd9b9
377,2014,Housing,Housing,56,56,#6bd9b9
378,2014,Housing,Housing,56,56,#6bd9b9
379,2014,Housing,Housing,56,56,#6bd9b9
380,2014,Housing,Housing,56,56,#6bd9b9
381,2014,Housing,Housing,56,56,#6bd9b9
382,2014,Housing,Housing,56,56,#6bd9b9
383,2014,Housing,Housing,56,56,#6bd9b9
384,2014,Housing,Housing,56,56,#6bd9b9
385,2014,Housing,Housing,56,56,#6bd9b9
386,2014,Housing,Housing,56,56,#6bd9b9
387,2014,Housing,Housing,56,56,#6bd9b9
388,2014,Housing,Housing,56,56,#6bd9b9
389,2014,Housing,Housing,56,56,#6bd9b9
390,2014,Housing,Housing,56,56,#6bd9b9
391,2014,Housing,Housing,56,56,#6bd9b9
392,2014,Housing,Housing,56,56,#6bd9b9
393,2014,Housing,Housing,56,56,#6bd9b9
394,2014,Housing,Housing,56,56,#6bd9b9
395,2014,Housing,Housing,56,56,#6bd9b9
396,2014,Housing,Housing,56,56,#6bd9b9
397,2014,Housing,Housing,56,56,#6bd9b9
398,2014,Housing,Housing,56,56,#6bd9b9
399,2014,Housing,Housing,56,56,#6bd9b9
400,2014,Housing,Housing,56,56,#6bd9b9
401,2014,Housing,Housing,56,56,#6bd9b9
402,2014,Housing,Housing,56,56,#6bd9b9
403,2014,Housing,Housing,56,56,#6bd9b9
404,2014,Housing,Housing,56,56,#6bd9b9
405,2014,Housing,Housing,56,56,#6bd9b9
406,2014,Housing,Housing,56,56,#6bd9b9
407,2014,Housing,Housing,56,56,#6bd9b9
408,2014,Housing,Housing,56,56,#6bd9b9
409,2014,Housing,Housing,56,56,#6bd9b9
410,2014,Housing,Housing,56,56,#6bd9b9
411,2014,Housing,Housing,56,56,#6bd9b9
412,2014,Housing,Housing,56,56,#6bd9b9
413,2014,Housing,Housing,56,56,#6bd9b9
414,2014,Housing,Housing,56,56,#6bd9b9
415,2014,Housing,Housing,56,56,#6bd9b9
416,2014,Housing,Housing,56,56,#6bd9b9
417,2014,Housing,Housing,56,56,#6bd9b9
418,2014,Housing,Housing,56,56,#6bd9b9
419,2014,Housing,Housing,56,56,#6bd9b9
420,2014,Housing,Housing,56,56,#6bd9b9
421,2014,Housing,Housing,56,56,#6bd9b9
422,2014,Housing,Housing,56,56,#6bd9b9
423,2014,Housing,Housing,56,56,#6bd9b9
424,2014,Housing,Housing,56,56,#6bd9b9
425,2014,Housing,Housing,56,56,#6bd9b9
426,2014,Housing,Housing,56,56,#6bd9b9
427,2014,Housing,Housing,56,56,#6bd9b9
428,2014,Education,Education,64,226,#f4e192
429,2014,Education,Education,64,226,#f4e192
430,2014,Education,Education,64,226,#f4e192
431,2014,Education,Education,64,226,#f4e192
432,2014,Education,Education,64,226,#f4e192
433,2014,Education,Education,64,226,#f4e192
434,2014,Education,Education,64,226,#f4e192
435,2014,Education,Education,64,226,#f4e192
436,2014,Education,Education,64,226,#f4e192
437,2014,Education,Education,64,226,#f4e192
438,2014,Education,Education,64,226,#f4e192
439,2014,Education,Education,64,226,#f4e192
440,2014,Education,Education,64,226,#f4e192
441,2014,Education,Education,64,226,#f4e192
442,2014,Education,Education,64,226,#f4e192
443,2014,Education,Education,64,226,#f4e192
444,2014,Education,Education,64,226,#f4e192
445,2014,Education,Education,64,226,#f4e192
446,2014,Education,Education,64,226,#f4e192
447,2014,Education,Education,64,226,#f4e192
448,2014,Education,Education,64,226,#f4e192
449,2014,Education,Education,64,226,#f4e192
450,2014,Education,Education,64,226,#f4e192
451,2014,Education,Education,64,226,#f4e192
452,2014,Education,Education,64,226,#f4e192
453,2014,Education,Education,64,226,#f4e192
454,2014,Education,Education,64,226,#f4e192
455,2014,Education,Education,64,226,#f4e192
456,2014,Education,Education,64,226,#f4e192
457,2014,Education,Education,64,226,#f4e192
458,2014,Education,Education,64,226,#f4e192
459,2014,Education,Education,64,226,#f4e192
460,2014,Education,Education,64,226,#f4e192
461,2014,Education,Education,64,226,#f4e192
462,2014,Education,Education,64,226,#f4e192
463,2014,Education,Education,64,226,#f4e192
464,2014,Education,Education,64,226,#f4e192
465,2014,Education,Education,64,226,#f4e192
466,2014,Education,Education,64,226,#f4e192
467,2014,Education,Education,64,226,#f4e192
468,2014,Education,Education,64,226,#f4e192
469,2014,Education,Education,64,226,#f4e192
470,2014,Education,Education,64,226,#f4e192
471,2014,Education,Education,64,226,#f4e192
472,2014,Education,Education,64,226,#f4e192
473,2014,Education,Education,64,226,#f4e192
474,2014,Education,Education,64,226,#f4e192
475,2014,Education,Education,64,226,#f4e192
476,2014,Education,Education,64,226,#f4e192
477,2014,Education,Education,64,226,#f4e192
478,2014,Education,Education,64,226,#f4e192
479,2014,Education,Education,64,226,#f4e192
480,2014,Education,Education,64,226,#f4e192
481,2014,Education,Education,64,226,#f4e192
482,2014,Education,Education,64,226,#f4e192
483,2014,Education,Education,64,226,#f4e192
484,2014,Education,Education,64,226,#f4e192
485,2014,Education,Education,64,226,#f4e192
486,2014,Education,Education,64,226,#f4e192
487,2014,Education,Education,64,226,#f4e192
488,2014,Education,Education,64,226,#f4e192
489,2014,Education,Education,64,226,#f4e192
490,2014,Education,Education,64,226,#f4e192
491,2014,Education,Education,64,226,#f4e192
492,2015,blank,,0,99999,#ffffff
493,2015,blank,,0,99999,#ffffff
494,2015,Homelessness,Housing,18,79,#9ad699
495,2015,Homelessness,Housing,18,79,#9ad699
496,2015,Homelessness,Housing,18,79,#9ad699
497,2015,Homelessness,Housing,18,79,#9ad699
498,2015,Homelessness,Housing,18,79,#9ad699
499,2015,Homelessness,Housing,18,79,#9ad699
500,2015,Homelessness,Housing,18,79,#9ad699
501,2015,Homelessness,Housing,18,79,#9ad699
502,2015,Homelessness,Housing,18,79,#9ad699
503,2015,Homelessness,Housing,18,79,#9ad699
504,2015,Homelessness,Housing,18,79,#9ad699
505,2015,Homelessness,Housing,18,79,#9ad699
506,2015,Homelessness,Housing,18,79,#9ad699
507,2015,Homelessness,Housing,18,79,#9ad699
508,2015,Homelessness,Housing,18,79,#9ad699
509,2015,Homelessness,Housing,18,79,#9ad699
510,2015,Homelessness,Housing,18,79,#9ad699
511,2015,Homelessness,Housing,18,79,#9ad699
512,2015,Real Estate,Housing,52,76,#ff91a2
513,2015,Real Estate,Housing,52,76,#ff91a2
514,2015,Real Estate,Housing,52,76,#ff91a2
515,2015,Real Estate,Housing,52,76,#ff91a2
516,2015,Real Estate,Housing,52,76,#ff91a2
517,2015,Real Estate,Housing,52,76,#ff91a2
518,2015,Real Estate,Housing,52,76,#ff91a2
519,2015,Real Estate,Housing,52,76,#ff91a2
520,2015,Real Estate,Housing,52,76,#ff91a2
521,2015,Real Estate,Housing,52,76,#ff91a2
522,2015,Real Estate,Housing,52,76,#ff91a2
523,2015,Real Estate,Housing,52,76,#ff91a2
524,2015,Real Estate,Housing,52,76,#ff91a2
525,2015,Real Estate,Housing,52,76,#ff91a2
526,2015,Real Estate,Housing,52,76,#ff91a2
527,2015,Real Estate,Housing,52,76,#ff91a2
528,2015,Real Estate,Housing,52,76,#ff91a2
529,2015,Real Estate,Housing,52,76,#ff91a2
530,2015,Real Estate,Housing,52,76,#ff91a2
531,2015,Real Estate,Housing,52,76,#ff91a2
532,2015,Real Estate,Housing,52,76,#ff91a2
533,2015,Real Estate,Housing,52,76,#ff91a2
534,2015,Real Estate,Housing,52,76,#ff91a2
535,2015,Real Estate,Housing,52,76,#ff91a2
536,2015,Real Estate,Housing,52,76,#ff91a2
537,2015,Real Estate,Housing,52,76,#ff91a2
538,2015,Real Estate,Housing,52,76,#ff91a2
539,2015,Real Estate,Housing,52,76,#ff91a2
540,2015,Real Estate,Housing,52,76,#ff91a2
541,2015,Real Estate,Housing,52,76,#ff91a2
542,2015,Real Estate,Housing,52,76,#ff91a2
543,2015,Real Estate,Housing,52,76,#ff91a2
544,2015,Real Estate,Housing,52,76,#ff91a2
545,2015,Real Estate,Housing,52,76,#ff91a2
546,2015,Real Estate,Housing,52,76,#ff91a2
547,2015,Real Estate,Housing,52,76,#ff91a2
548,2015,Real Estate,Housing,52,76,#ff91a2
549,2015,Real Estate,Housing,52,76,#ff91a2
550,2015,Real Estate,Housing,52,76,#ff91a2
551,2015,Real Estate,Housing,52,76,#ff91a2
552,2015,Real Estate,Housing,52,76,#ff91a2
553,2015,Real Estate,Housing,52,76,#ff91a2
554,2015,Real Estate,Housing,52,76,#ff91a2
555,2015,Real Estate,Housing,52,76,#ff91a2
556,2015,Real Estate,Housing,52,76,#ff91a2
557,2015,Real Estate,Housing,52,76,#ff91a2
558,2015,Real Estate,Housing,52,76,#ff91a2
559,2015,Real Estate,Housing,52,76,#ff91a2
560,2015,Real Estate,Housing,52,76,#ff91a2
561,2015,Real Estate,Housing,52,76,#ff91a2
562,2015,Real Estate,Housing,52,76,#ff91a2
563,2015,Real Estate,Housing,52,76,#ff91a2
564,2015,Education,Education,53,226,#f4e192
565,2015,Education,Education,53,226,#f4e192
566,2015,Education,Education,53,226,#f4e192
567,2015,Education,Education,53,226,#f4e192
568,2015,Education,Education,53,226,#f4e192
569,2015,Education,Education,53,226,#f4e192
570,2015,Education,Education,53,226,#f4e192
571,2015,Education,Education,53,226,#f4e192
572,2015,Education,Education,53,226,#f4e192
573,2015,Education,Education,53,226,#f4e192
574,2015,Education,Education,53,226,#f4e192
575,2015,Education,Education,53,226,#f4e192
576,2015,Education,Education,53,226,#f4e192
577,2015,Education,Education,53,226,#f4e192
578,2015,Education,Education,53,226,#f4e192
579,2015,Education,Education,53,226,#f4e192
580,2015,Education,Education,53,226,#f4e192
581,2015,Education,Education,53,226,#f4e192
582,2015,Education,Education,53,226,#f4e192
583,2015,Education,Education,53,226,#f4e192
584,2015,Education,Education,53,226,#f4e192
585,2015,Education,Education,53,226,#f4e192
586,2015,Education,Education,53,226,#f4e192
587,2015,Education,Education,53,226,#f4e192
588,2015,Education,Education,53,226,#f4e192
589,2015,Education,Education,53,226,#f4e192
590,2015,Education,Education,53,226,#f4e192
591,2015,Education,Education,53,226,#f4e192
592,2015,Education,Education,53,226,#f4e192
593,2015,Education,Education,53,226,#f4e192
594,2015,Education,Education,53,226,#f4e192
595,2015,Education,Education,53,226,#f4e192
596,2015,Education,Education,53,226,#f4e192
597,2015,Education,Education,53,226,#f4e192
598,2015,Education,Education,53,226,#f4e192
599,2015,Education,Education,53,226,#f4e192
600,2015,Education,Education,53,226,#f4e192
601,2015,Education,Education,53,226,#f4e192
602,2015,Education,Education,53,226,#f4e192
603,2015,Education,Education,53,226,#f4e192
604,2015,Education,Education,53,226,#f4e192
605,2015,Education,Education,53,226,#f4e192
606,2015,Education,Education,53,226,#f4e192
607,2015,Education,Education,53,226,#f4e192
608,2015,Education,Education,53,226,#f4e192
609,2015,Education,Education,53,226,#f4e192
610,2015,Education,Education,53,226,#f4e192
611,2015,Education,Education,53,226,#f4e192
612,2015,Education,Education,53,226,#f4e192
613,2015,Education,Education,53,226,#f4e192
614,2015,Education,Education,53,226,#f4e192
615,2015,Education,Education,53,226,#f4e192
616,2015,Education,Education,53,226,#f4e192
617,2015,Police,Homeland Security,67,190,#f0b8d2
618,2015,Police,Homeland Security,67,190,#f0b8d2
619,2015,Police,Homeland Security,67,190,#f0b8d2
620,2015,Police,Homeland Security,67,190,#f0b8d2
621,2015,Police,Homeland Security,67,190,#f0b8d2
622,2015,Police,Homeland Security,67,190,#f0b8d2
623,2015,Police,Homeland Security,67,190,#f0b8d2
624,2015,Police,Homeland Security,67,190,#f0b8d2
625,2015,Police,Homeland Security,67,190,#f0b8d2
626,2015,Police,Homeland Security,67,190,#f0b8d2
627,2015,Police,Homeland Security,67,190,#f0b8d2
628,2015,Police,Homeland Security,67,190,#f0b8d2
629,2015,Police,Homeland Security,67,190,#f0b8d2
630,2015,Police,Homeland Security,67,190,#f0b8d2
631,2015,Police,Homeland Security,67,190,#f0b8d2
632,2015,Police,Homeland Security,67,190,#f0b8d2
633,2015,Police,Homeland Security,67,190,#f0b8d2
634,2015,Police,Homeland Security,67,190,#f0b8d2
635,2015,Police,Homeland Security,67,190,#f0b8d2
636,2015,Police,Homeland Security,67,190,#f0b8d2
637,2015,Police,Homeland Security,67,190,#f0b8d2
638,2015,Police,Homeland Security,67,190,#f0b8d2
639,2015,Police,Homeland Security,67,190,#f0b8d2
640,2015,Police,Homeland Security,67,190,#f0b8d2
641,2015,Police,Homeland Security,67,190,#f0b8d2
642,2015,Police,Homeland Security,67,190,#f0b8d2
643,2015,Police,Homeland Security,67,190,#f0b8d2
644,2015,Police,Homeland Security,67,190,#f0b8d2
645,2015,Police,Homeland Security,67,190,#f0b8d2
646,2015,Police,Homeland Security,67,190,#f0b8d2
647,2015,Police,Homeland Security,67,190,#f0b8d2
648,2015,Police,Homeland Security,67,190,#f0b8d2
649,2015,Police,Homeland Security,67,190,#f0b8d2
650,2015,Police,Homeland Security,67,190,#f0b8d2
651,2015,Police,Homeland Security,67,190,#f0b8d2
652,2015,Police,Homeland Security,67,190,#f0b8d2
653,2015,Police,Homeland Security,67,190,#f0b8d2
654,2015,Police,Homeland Security,67,190,#f0b8d2
655,2015,Police,Homeland Security,67,190,#f0b8d2
656,2015,Police,Homeland Security,67,190,#f0b8d2
657,2015,Police,Homeland Security,67,190,#f0b8d2
658,2015,Police,Homeland Security,67,190,#f0b8d2
659,2015,Police,Homeland Security,67,190,#f0b8d2
660,2015,Police,Homeland Security,67,190,#f0b8d2
661,2015,Police,Homeland Security,67,190,#f0b8d2
662,2015,Police,Homeland Security,67,190,#f0b8d2
663,2015,Police,Homeland Security,67,190,#f0b8d2
664,2015,Police,Homeland Security,67,190,#f0b8d2
665,2015,Police,Homeland Security,67,190,#f0b8d2
666,2015,Police,Homeland Security,67,190,#f0b8d2
667,2015,Police,Homeland Security,67,190,#f0b8d2
668,2015,Police,Homeland Security,67,190,#f0b8d2
669,2015,Police,Homeland Security,67,190,#f0b8d2
670,2015,Police,Homeland Security,67,190,#f0b8d2
671,2015,Police,Homeland Security,67,190,#f0b8d2
672,2015,Police,Homeland Security,67,190,#f0b8d2
673,2015,Police,Homeland Security,67,190,#f0b8d2
674,2015,Police,Homeland Security,67,190,#f0b8d2
675,2015,Police,Homeland Security,67,190,#f0b8d2
676,2015,Police,Homeland Security,67,190,#f0b8d2
677,2015,Police,Homeland Security,67,190,#f0b8d2
678,2015,Police,Homeland Security,67,190,#f0b8d2
679,2015,Police,Homeland Security,67,190,#f0b8d2
680,2015,Police,Homeland Security,67,190,#f0b8d2
681,2015,Police,Homeland Security,67,190,#f0b8d2
682,2015,Police,Homeland Security,67,190,#f0b8d2
683,2015,Police,Homeland Security,67,190,#f0b8d2
684,2016,blank,,0,99999,#ffffff
685,2016,blank,,0,99999,#ffffff
686,2016,Voting,Election,9,9,#fccf89
687,2016,Voting,Election,9,9,#fccf89
688,2016,Voting,Election,9,9,#fccf89
689,2016,Voting,Election,9,9,#fccf89
690,2016,Voting,Election,9,9,#fccf89
691,2016,Voting,Election,9,9,#fccf89
692,2016,Voting,Election,9,9,#fccf89
693,2016,Voting,Election,9,9,#fccf89
694,2016,Voting,Election,9,9,#fccf89
695,2016,Minimum Wage,Labor,19,19,#b5cfe3
696,2016,Minimum Wage,Labor,19,19,#b5cfe3
697,2016,Minimum Wage,Labor,19,19,#b5cfe3
698,2016,Minimum Wage,Labor,19,19,#b5cfe3
699,2016,Minimum Wage,Labor,19,19,#b5cfe3
700,2016,Minimum Wage,Labor,19,19,#b5cfe3
701,2016,Minimum Wage,Labor,19,19,#b5cfe3
702,2016,Minimum Wage,Labor,19,19,#b5cfe3
703,2016,Minimum Wage,Labor,19,19,#b5cfe3
704,2016,Minimum Wage,Labor,19,19,#b5cfe3
705,2016,Minimum Wage,Labor,19,19,#b5cfe3
706,2016,Minimum Wage,Labor,19,19,#b5cfe3
707,2016,Minimum Wage,Labor,19,19,#b5cfe3
708,2016,Minimum Wage,Labor,19,19,#b5cfe3
709,2016,Minimum Wage,Labor,19,19,#b5cfe3
710,2016,Minimum Wage,Labor,19,19,#b5cfe3
711,2016,Minimum Wage,Labor,19,19,#b5cfe3
712,2016,Minimum Wage,Labor,19,19,#b5cfe3
713,2016,Minimum Wage,Labor,19,19,#b5cfe3
714,2016,Homelessness,Housing,28,79,#9ad699
715,2016,Homelessness,Housing,28,79,#9ad699
716,2016,Homelessness,Housing,28,79,#9ad699
717,2016,Homelessness,Housing,28,79,#9ad699
718,2016,Homelessness,Housing,28,79,#9ad699
719,2016,Homelessness,Housing,28,79,#9ad699
720,2016,Homelessness,Housing,28,79,#9ad699
721,2016,Homelessness,Housing,28,79,#9ad699
722,2016,Homelessness,Housing,28,79,#9ad699
723,2016,Homelessness,Housing,28,79,#9ad699
724,2016,Homelessness,Housing,28,79,#9ad699
725,2016,Homelessness,Housing,28,79,#9ad699
726,2016,Homelessness,Housing,28,79,#9ad699
727,2016,Homelessness,Housing,28,79,#9ad699
728,2016,Homelessness,Housing,28,79,#9ad699
729,2016,Homelessness,Housing,28,79,#9ad699
730,2016,Homelessness,Housing,28,79,#9ad699
731,2016,Homelessness,Housing,28,79,#9ad699
732,2016,Homelessness,Housing,28,79,#9ad699
733,2016,Homelessness,Housing,28,79,#9ad699
734,2016,Homelessness,Housing,28,79,#9ad699
735,2016,Homelessness,Housing,28,79,#9ad699
736,2016,Homelessness,Housing,28,79,#9ad699
737,2016,Homelessness,Housing,28,79,#9ad699
738,2016,Homelessness,Housing,28,79,#9ad699
739,2016,Homelessness,Housing,28,79,#9ad699
740,2016,Homelessness,Housing,28,79,#9ad699
741,2016,Homelessness,Housing,28,79,#9ad699
742,2016,Police,Homeland Security,47,190,#f0b8d2
743,2016,Police,Homeland Security,47,190,#f0b8d2
744,2016,Police,Homeland Security,47,190,#f0b8d2
745,2016,Police,Homeland Security,47,190,#f0b8d2
746,2016,Police,Homeland Security,47,190,#f0b8d2
747,2016,Police,Homeland Security,47,190,#f0b8d2
748,2016,Police,Homeland Security,47,190,#f0b8d2
749,2016,Police,Homeland Security,47,190,#f0b8d2
750,2016,Police,Homeland Security,47,190,#f0b8d2
751,2016,Police,Homeland Security,47,190,#f0b8d2
752,2016,Police,Homeland Security,47,190,#f0b8d2
753,2016,Police,Homeland Security,47,190,#f0b8d2
754,2016,Police,Homeland Security,47,190,#f0b8d2
755,2016,Police,Homeland Security,47,190,#f0b8d2
756,2016,Police,Homeland Security,47,190,#f0b8d2
757,2016,Police,Homeland Security,47,190,#f0b8d2
758,2016,Police,Homeland Security,47,190,#f0b8d2
759,2016,Police,Homeland Security,47,190,#f0b8d2
760,2016,Police,Homeland Security,47,190,#f0b8d2
761,2016,Police,Homeland Security,47,190,#f0b8d2
762,2016,Police,Homeland Security,47,190,#f0b8d2
763,2016,Police,Homeland Security,47,190,#f0b8d2
764,2016,Police,Homeland Security,47,190,#f0b8d2
765,2016,Police,Homeland Security,47,190,#f0b8d2
766,2016,Police,Homeland Security,47,190,#f0b8d2
767,2016,Police,Homeland Security,47,190,#f0b8d2
768,2016,Police,Homeland Security,47,190,#f0b8d2
769,2016,Police,Homeland Security,47,190,#f0b8d2
770,2016,Police,Homeland Security,47,190,#f0b8d2
771,2016,Police,Homeland Security,47,190,#f0b8d2
772,2016,Police,Homeland Security,47,190,#f0b8d2
773,2016,Police,Homeland Security,47,190,#f0b8d2
774,2016,Police,Homeland Security,47,190,#f0b8d2
775,2016,Police,Homeland Security,47,190,#f0b8d2
776,2016,Police,Homeland Security,47,190,#f0b8d2
777,2016,Police,Homeland Security,47,190,#f0b8d2
778,2016,Police,Homeland Security,47,190,#f0b8d2
779,2016,Police,Homeland Security,47,190,#f0b8d2
780,2016,Police,Homeland Security,47,190,#f0b8d2
781,2016,Police,Homeland Security,47,190,#f0b8d2
782,2016,Police,Homeland Security,47,190,#f0b8d2
783,2016,Police,Homeland Security,47,190,#f0b8d2
784,2016,Police,Homeland Security,47,190,#f0b8d2
785,2016,Police,Homeland Security,47,190,#f0b8d2
786,2016,Police,Homeland Security,47,190,#f0b8d2
787,2016,Police,Homeland Security,47,190,#f0b8d2
788,2016,Police,Homeland Security,47,190,#f0b8d2
789,2016,Affordable Housing,Housing,48,48,#f9d1b9
790,2016,Affordable Housing,Housing,48,48,#f9d1b9
791,2016,Affordable Housing,Housing,48,48,#f9d1b9
792,2016,Affordable Housing,Housing,48,48,#f9d1b9
793,2016,Affordable Housing,Housing,48,48,#f9d1b9
794,2016,Affordable Housing,Housing,48,48,#f9d1b9
795,2016,Affordable Housing,Housing,48,48,#f9d1b9
796,2016,Affordable Housing,Housing,48,48,#f9d1b9
797,2016,Affordable Housing,Housing,48,48,#f9d1b9
798,2016,Affordable Housing,Housing,48,48,#f9d1b9
799,2016,Affordable Housing,Housing,48,48,#f9d1b9
800,2016,Affordable Housing,Housing,48,48,#f9d1b9
801,2016,Affordable Housing,Housing,48,48,#f9d1b9
802,2016,Affordable Housing,Housing,48,48,#f9d1b9
803,2016,Affordable Housing,Housing,48,48,#f9d1b9
804,2016,Affordable Housing,Housing,48,48,#f9d1b9
805,2016,Affordable Housing,Housing,48,48,#f9d1b9
806,2016,Affordable Housing,Housing,48,48,#f9d1b9
807,2016,Affordable Housing,Housing,48,48,#f9d1b9
808,2016,Affordable Housing,Housing,48,48,#f9d1b9
809,2016,Affordable Housing,Housing,48,48,#f9d1b9
810,2016,Affordable Housing,Housing,48,48,#f9d1b9
811,2016,Affordable Housing,Housing,48,48,#f9d1b9
812,2016,Affordable Housing,Housing,48,48,#f9d1b9
813,2016,Affordable Housing,Housing,48,48,#f9d1b9
814,2016,Affordable Housing,Housing,48,48,#f9d1b9
815,2016,Affordable Housing,Housing,48,48,#f9d1b9
816,2016,Affordable Housing,Housing,48,48,#f9d1b9
817,2016,Affordable Housing,Housing,48,48,#f9d1b9
818,2016,Affordable Housing,Housing,48,48,#f9d1b9
819,2016,Affordable Housing,Housing,48,48,#f9d1b9
820,2016,Affordable Housing,Housing,48,48,#f9d1b9
821,2016,Affordable Housing,Housing,48,48,#f9d1b9
822,2016,Affordable Housing,Housing,48,48,#f9d1b9
823,2016,Affordable Housing,Housing,48,48,#f9d1b9
824,2016,Affordable Housing,Housing,48,48,#f9d1b9
825,2016,Affordable Housing,Housing,48,48,#f9d1b9
826,2016,Affordable Housing,Housing,48,48,#f9d1b9
827,2016,Affordable Housing,Housing,48,48,#f9d1b9
828,2016,Affordable Housing,Housing,48,48,#f9d1b9
829,2016,Affordable Housing,Housing,48,48,#f9d1b9
830,2016,Affordable Housing,Housing,48,48,#f9d1b9
831,2016,Affordable Housing,Housing,48,48,#f9d1b9
832,2016,Affordable Housing,Housing,48,48,#f9d1b9
833,2016,Affordable Housing,Housing,48,48,#f9d1b9
834,2016,Affordable Housing,Housing,48,48,#f9d1b9
835,2016,Affordable Housing,Housing,48,48,#f9d1b9
836,2016,Affordable Housing,Housing,48,48,#f9d1b9
837,2017,blank,,0,99999,#ffffff
838,2017,blank,,0,99999,#ffffff
839,2017,Environment,Environment,14,14,#cae490
840,2017,Environment,Environment,14,14,#cae490
841,2017,Environment,Environment,14,14,#cae490
842,2017,Environment,Environment,14,14,#cae490
843,2017,Environment,Environment,14,14,#cae490
844,2017,Environment,Environment,14,14,#cae490
845,2017,Environment,Environment,14,14,#cae490
846,2017,Environment,Environment,14,14,#cae490
847,2017,Environment,Environment,14,14,#cae490
848,2017,Environment,Environment,14,14,#cae490
849,2017,Environment,Environment,14,14,#cae490
850,2017,Environment,Environment,14,14,#cae490
851,2017,Environment,Environment,14,14,#cae490
852,2017,Environment,Environment,14,14,#cae490
853,2017,Education,Education,19,226,#f4e192
854,2017,Education,Education,19,226,#f4e192
855,2017,Education,Education,19,226,#f4e192
856,2017,Education,Education,19,226,#f4e192
857,2017,Education,Education,19,226,#f4e192
858,2017,Education,Education,19,226,#f4e192
859,2017,Education,Education,19,226,#f4e192
860,2017,Education,Education,19,226,#f4e192
861,2017,Education,Education,19,226,#f4e192
862,2017,Education,Education,19,226,#f4e192
863,2017,Education,Education,19,226,#f4e192
864,2017,Education,Education,19,226,#f4e192
865,2017,Education,Education,19,226,#f4e192
866,2017,Education,Education,19,226,#f4e192
867,2017,Education,Education,19,226,#f4e192
868,2017,Education,Education,19,226,#f4e192
869,2017,Education,Education,19,226,#f4e192
870,2017,Education,Education,19,226,#f4e192
871,2017,Education,Education,19,226,#f4e192
872,2017,Election,Election,24,194,#d9e793
873,2017,Election,Election,24,194,#d9e793
874,2017,Election,Election,24,194,#d9e793
875,2017,Election,Election,24,194,#d9e793
876,2017,Election,Election,24,194,#d9e793
877,2017,Election,Election,24,194,#d9e793
878,2017,Election,Election,24,194,#d9e793
879,2017,Election,Election,24,194,#d9e793
880,2017,Election,Election,24,194,#d9e793
881,2017,Election,Election,24,194,#d9e793
882,2017,Election,Election,24,194,#d9e793
883,2017,Election,Election,24,194,#d9e793
884,2017,Election,Election,24,194,#d9e793
885,2017,Election,Election,24,194,#d9e793
886,2017,Election,Election,24,194,#d9e793
887,2017,Election,Election,24,194,#d9e793
888,2017,Election,Election,24,194,#d9e793
889,2017,Election,Election,24,194,#d9e793
890,2017,Election,Election,24,194,#d9e793
891,2017,Election,Election,24,194,#d9e793
892,2017,Election,Election,24,194,#d9e793
893,2017,Election,Election,24,194,#d9e793
894,2017,Election,Election,24,194,#d9e793
895,2017,Election,Election,24,194,#d9e793
896,2017,Homelessness,Housing,33,79,#9ad699
897,2017,Homelessness,Housing,33,79,#9ad699
898,2017,Homelessness,Housing,33,79,#9ad699
899,2017,Homelessness,Housing,33,79,#9ad699
900,2017,Homelessness,Housing,33,79,#9ad699
901,2017,Homelessness,Housing,33,79,#9ad699
902,2017,Homelessness,Housing,33,79,#9ad699
903,2017,Homelessness,Housing,33,79,#9ad699
904,2017,Homelessness,Housing,33,79,#9ad699
905,2017,Homelessness,Housing,33,79,#9ad699
906,2017,Homelessness,Housing,33,79,#9ad699
907,2017,Homelessness,Housing,33,79,#9ad699
908,2017,Homelessness,Housing,33,79,#9ad699
909,2017,Homelessness,Housing,33,79,#9ad699
910,2017,Homelessness,Housing,33,79,#9ad699
911,2017,Homelessness,Housing,33,79,#9ad699
912,2017,Homelessness,Housing,33,79,#9ad699
913,2017,Homelessness,Housing,33,79,#9ad699
914,2017,Homelessness,Housing,33,79,#9ad699
915,2017,Homelessness,Housing,33,79,#9ad699
916,2017,Homelessness,Housing,33,79,#9ad699
917,2017,Homelessness,Housing,33,79,#9ad699
918,2017,Homelessness,Housing,33,79,#9ad699
919,2017,Homelessness,Housing,33,79,#9ad699
920,2017,Homelessness,Housing,33,79,#9ad699
921,2017,Homelessness,Housing,33,79,#9ad699
922,2017,Homelessness,Housing,33,79,#9ad699
923,2017,Homelessness,Housing,33,79,#9ad699
924,2017,Homelessness,Housing,33,79,#9ad699
925,2017,Homelessness,Housing,33,79,#9ad699
926,2017,Homelessness,Housing,33,79,#9ad699
927,2017,Homelessness,Housing,33,79,#9ad699
928,2017,Homelessness,Housing,33,79,#9ad699
929,2017,Rikers Spying Investigation,Homeland Security,33,33,#d9ddaf
930,2017,Rikers Spying Investigation,Homeland Security,33,33,#d9ddaf
931,2017,Rikers Spying Investigation,Homeland Security,33,33,#d9ddaf
932,2017,Rikers Spying Investigation,Homeland Security,33,33,#d9ddaf
933,2017,Rikers Spying Investigation,Homeland Security,33,33,#d9ddaf
934,2017,Rikers Spying Investigation,Homeland Security,33,33,#d9ddaf
935,2017,Rikers Spying Investigation,Homeland Security,33,33,#d9ddaf
936,2017,Rikers Spying Investigation,Homeland Security,33,33,#d9ddaf
937,2017,Rikers Spying Investigation,Homeland Security,33,33,#d9ddaf
938,2017,Rikers Spying Investigation,Homeland Security,33,33,#d9ddaf
939,2017,Rikers Spying Investigation,Homeland Security,33,33,#d9ddaf
940,2017,Rikers Spying Investigation,Homeland Security,33,33,#d9ddaf
941,2017,Rikers Spying Investigation,Homeland Security,33,33,#d9ddaf
942,2017,Rikers Spying Investigation,Homeland Security,33,33,#d9ddaf
943,2017,Rikers Spying Investigation,Homeland Security,33,33,#d9ddaf
944,2017,Rikers Spying Investigation,Homeland Security,33,33,#d9ddaf
945,2017,Rikers Spying Investigation,Homeland Security,33,33,#d9ddaf
946,2017,Rikers Spying Investigation,Homeland Security,33,33,#d9ddaf
947,2017,Rikers Spying Investigation,Homeland Security,33,33,#d9ddaf
948,2017,Rikers Spying Investigation,Homeland Security,33,33,#d9ddaf
949,2017,Rikers Spying Investigation,Homeland Security,33,33,#d9ddaf
950,2017,Rikers Spying Investigation,Homeland Security,33,33,#d9ddaf
951,2017,Rikers Spying Investigation,Homeland Security,33,33,#d9ddaf
952,2017,Rikers Spying Investigation,Homeland Security,33,33,#d9ddaf
953,2017,Rikers Spying Investigation,Homeland Security,33,33,#d9ddaf
954,2017,Rikers Spying Investigation,Homeland Security,33,33,#d9ddaf
955,2017,Rikers Spying Investigation,Homeland Security,33,33,#d9ddaf
956,2017,Rikers Spying Investigation,Homeland Security,33,33,#d9ddaf
957,2017,Rikers Spying Investigation,Homeland Security,33,33,#d9ddaf
958,2017,Rikers Spying Investigation,Homeland Security,33,33,#d9ddaf
959,2017,Rikers Spying Investigation,Homeland Security,33,33,#d9ddaf
960,2017,Rikers Spying Investigation,Homeland Security,33,33,#d9ddaf
961,2017,Rikers Spying Investigation,Homeland Security,33,33,#d9ddaf
962,2017,NYC Transit,Transportation,54,117,#cbd5e4
963,2017,NYC Transit,Transportation,54,117,#cbd5e4
964,2017,NYC Transit,Transportation,54,117,#cbd5e4
965,2017,NYC Transit,Transportation,54,117,#cbd5e4
966,2017,NYC Transit,Transportation,54,117,#cbd5e4
967,2017,NYC Transit,Transportation,54,117,#cbd5e4
968,2017,NYC Transit,Transportation,54,117,#cbd5e4
969,2017,NYC Transit,Transportation,54,117,#cbd5e4
970,2017,NYC Transit,Transportation,54,117,#cbd5e4
971,2017,NYC Transit,Transportation,54,117,#cbd5e4
972,2017,NYC Transit,Transportation,54,117,#cbd5e4
973,2017,NYC Transit,Transportation,54,117,#cbd5e4
974,2017,NYC Transit,Transportation,54,117,#cbd5e4
975,2017,NYC Transit,Transportation,54,117,#cbd5e4
976,2017,NYC Transit,Transportation,54,117,#cbd5e4
977,2017,NYC Transit,Transportation,54,117,#cbd5e4
978,2017,NYC Transit,Transportation,54,117,#cbd5e4
979,2017,NYC Transit,Transportation,54,117,#cbd5e4
980,2017,NYC Transit,Transportation,54,117,#cbd5e4
981,2017,NYC Transit,Transportation,54,117,#cbd5e4
982,2017,NYC Transit,Transportation,54,117,#cbd5e4
983,2017,NYC Transit,Transportation,54,117,#cbd5e4
984,2017,NYC Transit,Transportation,54,117,#cbd5e4
985,2017,NYC Transit,Transportation,54,117,#cbd5e4
986,2017,NYC Transit,Transportation,54,117,#cbd5e4
987,2017,NYC Transit,Transportation,54,117,#cbd5e4
988,2017,NYC Transit,Transportation,54,117,#cbd5e4
989,2017,NYC Transit,Transportation,54,117,#cbd5e4
990,2017,NYC Transit,Transportation,54,117,#cbd5e4
991,2017,NYC Transit,Transportation,54,117,#cbd5e4
992,2017,NYC Transit,Transportation,54,117,#cbd5e4
993,2017,NYC Transit,Transportation,54,117,#cbd5e4
994,2017,NYC Transit,Transportation,54,117,#cbd5e4
995,2017,NYC Transit,Transportation,54,117,#cbd5e4
996,2017,NYC Transit,Transportation,54,117,#cbd5e4
997,2017,NYC Transit,Transportation,54,117,#cbd5e4
998,2017,NYC Transit,Transportation,54,117,#cbd5e4
999,2017,NYC Transit,Transportation,54,117,#cbd5e4
1000,2017,NYC Transit,Transportation,54,117,#cbd5e4
1001,2017,NYC Transit,Transportation,54,117,#cbd5e4
1002,2017,NYC Transit,Transportation,54,117,#cbd5e4
1003,2017,NYC Transit,Transportation,54,117,#cbd5e4
1004,2017,NYC Transit,Transportation,54,117,#cbd5e4
1005,2017,NYC Transit,Transportation,54,117,#cbd5e4
1006,2017,NYC Transit,Transportation,54,117,#cbd5e4
1007,2017,NYC Transit,Transportation,54,117,#cbd5e4
1008,2017,NYC Transit,Transportation,54,117,#cbd5e4
1009,2017,NYC Transit,Transportation,54,117,#cbd5e4
1010,2017,NYC Transit,Transportation,54,117,#cbd5e4
1011,2017,NYC Transit,Transportation,54,117,#cbd5e4
1012,2017,NYC Transit,Transportation,54,117,#cbd5e4
1013,2017,NYC Transit,Transportation,54,117,#cbd5e4
1014,2017,NYC Transit,Transportation,54,117,#cbd5e4
1015,2017,NYC Transit,Transportation,54,117,#cbd5e4
1016,2018,blank,,0,99999,#ffffff
1017,2018,blank,,0,99999,#ffffff
1018,2018,Google,Business,6,6,#acdb98
1019,2018,Google,Business,6,6,#acdb98
1020,2018,Google,Business,6,6,#acdb98
1021,2018,Google,Business,6,6,#acdb98
1022,2018,Google,Business,6,6,#acdb98
1023,2018,Google,Business,6,6,#acdb98
1024,2018,City Council ,Election,16,16,#fec0ad
1025,2018,City Council ,Election,16,16,#fec0ad
1026,2018,City Council ,Election,16,16,#fec0ad
1027,2018,City Council ,Election,16,16,#fec0ad
1028,2018,City Council ,Election,16,16,#fec0ad
1029,2018,City Council ,Election,16,16,#fec0ad
1030,2018,City Council ,Election,16,16,#fec0ad
1031,2018,City Council ,Election,16,16,#fec0ad
1032,2018,City Council ,Election,16,16,#fec0ad
1033,2018,City Council ,Election,16,16,#fec0ad
1034,2018,City Council ,Election,16,16,#fec0ad
1035,2018,City Council ,Election,16,16,#fec0ad
1036,2018,City Council ,Election,16,16,#fec0ad
1037,2018,City Council ,Election,16,16,#fec0ad
1038,2018,City Council ,Election,16,16,#fec0ad
1039,2018,City Council ,Election,16,16,#fec0ad
1040,2018,Education,Education,30,226,#f4e192
1041,2018,Education,Education,30,226,#f4e192
1042,2018,Education,Education,30,226,#f4e192
1043,2018,Education,Education,30,226,#f4e192
1044,2018,Education,Education,30,226,#f4e192
1045,2018,Education,Education,30,226,#f4e192
1046,2018,Education,Education,30,226,#f4e192
1047,2018,Education,Education,30,226,#f4e192
1048,2018,Education,Education,30,226,#f4e192
1049,2018,Education,Education,30,226,#f4e192
1050,2018,Education,Education,30,226,#f4e192
1051,2018,Education,Education,30,226,#f4e192
1052,2018,Education,Education,30,226,#f4e192
1053,2018,Education,Education,30,226,#f4e192
1054,2018,Education,Education,30,226,#f4e192
1055,2018,Education,Education,30,226,#f4e192
1056,2018,Education,Education,30,226,#f4e192
1057,2018,Education,Education,30,226,#f4e192
1058,2018,Education,Education,30,226,#f4e192
1059,2018,Education,Education,30,226,#f4e192
1060,2018,Education,Education,30,226,#f4e192
1061,2018,Education,Education,30,226,#f4e192
1062,2018,Education,Education,30,226,#f4e192
1063,2018,Education,Education,30,226,#f4e192
1064,2018,Education,Education,30,226,#f4e192
1065,2018,Education,Education,30,226,#f4e192
1066,2018,Education,Education,30,226,#f4e192
1067,2018,Education,Education,30,226,#f4e192
1068,2018,Education,Education,30,226,#f4e192
1069,2018,Education,Education,30,226,#f4e192
1070,2018,Amazon,Business,32,85,#f5cbc1
1071,2018,Amazon,Business,32,85,#f5cbc1
1072,2018,Amazon,Business,32,85,#f5cbc1
1073,2018,Amazon,Business,32,85,#f5cbc1
1074,2018,Amazon,Business,32,85,#f5cbc1
1075,2018,Amazon,Business,32,85,#f5cbc1
1076,2018,Amazon,Business,32,85,#f5cbc1
1077,2018,Amazon,Business,32,85,#f5cbc1
1078,2018,Amazon,Business,32,85,#f5cbc1
1079,2018,Amazon,Business,32,85,#f5cbc1
1080,2018,Amazon,Business,32,85,#f5cbc1
1081,2018,Amazon,Business,32,85,#f5cbc1
1082,2018,Amazon,Business,32,85,#f5cbc1
1083,2018,Amazon,Business,32,85,#f5cbc1
1084,2018,Amazon,Business,32,85,#f5cbc1
1085,2018,Amazon,Business,32,85,#f5cbc1
1086,2018,Amazon,Business,32,85,#f5cbc1
1087,2018,Amazon,Business,32,85,#f5cbc1
1088,2018,Amazon,Business,32,85,#f5cbc1
1089,2018,Amazon,Business,32,85,#f5cbc1
1090,2018,Amazon,Business,32,85,#f5cbc1
1091,2018,Amazon,Business,32,85,#f5cbc1
1092,2018,Amazon,Business,32,85,#f5cbc1
1093,2018,Amazon,Business,32,85,#f5cbc1
1094,2018,Amazon,Business,32,85,#f5cbc1
1095,2018,Amazon,Business,32,85,#f5cbc1
1096,2018,Amazon,Business,32,85,#f5cbc1
1097,2018,Amazon,Business,32,85,#f5cbc1
1098,2018,Amazon,Business,32,85,#f5cbc1
1099,2018,Amazon,Business,32,85,#f5cbc1
1100,2018,Amazon,Business,32,85,#f5cbc1
1101,2018,Amazon,Business,32,85,#f5cbc1
1102,2018,Police,Homeland Security,33,190,#f0b8d2
1103,2018,Police,Homeland Security,33,190,#f0b8d2
1104,2018,Police,Homeland Security,33,190,#f0b8d2
1105,2018,Police,Homeland Security,33,190,#f0b8d2
1106,2018,Police,Homeland Security,33,190,#f0b8d2
1107,2018,Police,Homeland Security,33,190,#f0b8d2
1108,2018,Police,Homeland Security,33,190,#f0b8d2
1109,2018,Police,Homeland Security,33,190,#f0b8d2
1110,2018,Police,Homeland Security,33,190,#f0b8d2
1111,2018,Police,Homeland Security,33,190,#f0b8d2
1112,2018,Police,Homeland Security,33,190,#f0b8d2
1113,2018,Police,Homeland Security,33,190,#f0b8d2
1114,2018,Police,Homeland Security,33,190,#f0b8d2
1115,2018,Police,Homeland Security,33,190,#f0b8d2
1116,2018,Police,Homeland Security,33,190,#f0b8d2
1117,2018,Police,Homeland Security,33,190,#f0b8d2
1118,2018,Police,Homeland Security,33,190,#f0b8d2
1119,2018,Police,Homeland Security,33,190,#f0b8d2
1120,2018,Police,Homeland Security,33,190,#f0b8d2
1121,2018,Police,Homeland Security,33,190,#f0b8d2
1122,2018,Police,Homeland Security,33,190,#f0b8d2
1123,2018,Police,Homeland Security,33,190,#f0b8d2
1124,2018,Police,Homeland Security,33,190,#f0b8d2
1125,2018,Police,Homeland Security,33,190,#f0b8d2
1126,2018,Police,Homeland Security,33,190,#f0b8d2
1127,2018,Police,Homeland Security,33,190,#f0b8d2
1128,2018,Police,Homeland Security,33,190,#f0b8d2
1129,2018,Police,Homeland Security,33,190,#f0b8d2
1130,2018,Police,Homeland Security,33,190,#f0b8d2
1131,2018,Police,Homeland Security,33,190,#f0b8d2
1132,2018,Police,Homeland Security,33,190,#f0b8d2
1133,2018,Police,Homeland Security,33,190,#f0b8d2
1134,2018,Police,Homeland Security,33,190,#f0b8d2
1135,2018,NYC Transit,Transportation,39,117,#cbd5e4
1136,2018,NYC Transit,Transportation,39,117,#cbd5e4
1137,2018,NYC Transit,Transportation,39,117,#cbd5e4
1138,2018,NYC Transit,Transportation,39,117,#cbd5e4
1139,2018,NYC Transit,Transportation,39,117,#cbd5e4
1140,2018,NYC Transit,Transportation,39,117,#cbd5e4
1141,2018,NYC Transit,Transportation,39,117,#cbd5e4
1142,2018,NYC Transit,Transportation,39,117,#cbd5e4
1143,2018,NYC Transit,Transportation,39,117,#cbd5e4
1144,2018,NYC Transit,Transportation,39,117,#cbd5e4
1145,2018,NYC Transit,Transportation,39,117,#cbd5e4
1146,2018,NYC Transit,Transportation,39,117,#cbd5e4
1147,2018,NYC Transit,Transportation,39,117,#cbd5e4
1148,2018,NYC Transit,Transportation,39,117,#cbd5e4
1149,2018,NYC Transit,Transportation,39,117,#cbd5e4
1150,2018,NYC Transit,Transportation,39,117,#cbd5e4
1151,2018,NYC Transit,Transportation,39,117,#cbd5e4
1152,2018,NYC Transit,Transportation,39,117,#cbd5e4
1153,2018,NYC Transit,Transportation,39,117,#cbd5e4
1154,2018,NYC Transit,Transportation,39,117,#cbd5e4
1155,2018,NYC Transit,Transportation,39,117,#cbd5e4
1156,2018,NYC Transit,Transportation,39,117,#cbd5e4
1157,2018,NYC Transit,Transportation,39,117,#cbd5e4
1158,2018,NYC Transit,Transportation,39,117,#cbd5e4
1159,2018,NYC Transit,Transportation,39,117,#cbd5e4
1160,2018,NYC Transit,Transportation,39,117,#cbd5e4
1161,2018,NYC Transit,Transportation,39,117,#cbd5e4
1162,2018,NYC Transit,Transportation,39,117,#cbd5e4
1163,2018,NYC Transit,Transportation,39,117,#cbd5e4
1164,2018,NYC Transit,Transportation,39,117,#cbd5e4
1165,2018,NYC Transit,Transportation,39,117,#cbd5e4
1166,2018,NYC Transit,Transportation,39,117,#cbd5e4
1167,2018,NYC Transit,Transportation,39,117,#cbd5e4
1168,2018,NYC Transit,Transportation,39,117,#cbd5e4
1169,2018,NYC Transit,Transportation,39,117,#cbd5e4
1170,2018,NYC Transit,Transportation,39,117,#cbd5e4
1171,2018,NYC Transit,Transportation,39,117,#cbd5e4
1172,2018,NYC Transit,Transportation,39,117,#cbd5e4
1173,2018,NYC Transit,Transportation,39,117,#cbd5e4
1174,2018,Ridesharing,Transportation,41,41,#ffa78c
1175,2018,Ridesharing,Transportation,41,41,#ffa78c
1176,2018,Ridesharing,Transportation,41,41,#ffa78c
1177,2018,Ridesharing,Transportation,41,41,#ffa78c
1178,2018,Ridesharing,Transportation,41,41,#ffa78c
1179,2018,Ridesharing,Transportation,41,41,#ffa78c
1180,2018,Ridesharing,Transportation,41,41,#ffa78c
1181,2018,Ridesharing,Transportation,41,41,#ffa78c
1182,2018,Ridesharing,Transportation,41,41,#ffa78c
1183,2018,Ridesharing,Transportation,41,41,#ffa78c
1184,2018,Ridesharing,Transportation,41,41,#ffa78c
1185,2018,Ridesharing,Transportation,41,41,#ffa78c
1186,2018,Ridesharing,Transportation,41,41,#ffa78c
1187,2018,Ridesharing,Transportation,41,41,#ffa78c
1188,2018,Ridesharing,Transportation,41,41,#ffa78c
1189,2018,Ridesharing,Transportation,41,41,#ffa78c
1190,2018,Ridesharing,Transportation,41,41,#ffa78c
1191,2018,Ridesharing,Transportation,41,41,#ffa78c
1192,2018,Ridesharing,Transportation,41,41,#ffa78c
1193,2018,Ridesharing,Transportation,41,41,#ffa78c
1194,2018,Ridesharing,Transportation,41,41,#ffa78c
1195,2018,Ridesharing,Transportation,41,41,#ffa78c
1196,2018,Ridesharing,Transportation,41,41,#ffa78c
1197,2018,Ridesharing,Transportation,41,41,#ffa78c
1198,2018,Ridesharing,Transportation,41,41,#ffa78c
1199,2018,Ridesharing,Transportation,41,41,#ffa78c
1200,2018,Ridesharing,Transportation,41,41,#ffa78c
1201,2018,Ridesharing,Transportation,41,41,#ffa78c
1202,2018,Ridesharing,Transportation,41,41,#ffa78c
1203,2018,Ridesharing,Transportation,41,41,#ffa78c
1204,2018,Ridesharing,Transportation,41,41,#ffa78c
1205,2018,Ridesharing,Transportation,41,41,#ffa78c
1206,2018,Ridesharing,Transportation,41,41,#ffa78c
1207,2018,Ridesharing,Transportation,41,41,#ffa78c
1208,2018,Ridesharing,Transportation,41,41,#ffa78c
1209,2018,Ridesharing,Transportation,41,41,#ffa78c
1210,2018,Ridesharing,Transportation,41,41,#ffa78c
1211,2018,Ridesharing,Transportation,41,41,#ffa78c
1212,2018,Ridesharing,Transportation,41,41,#ffa78c
1213,2018,Ridesharing,Transportation,41,41,#ffa78c
1214,2018,Ridesharing,Transportation,41,41,#ffa78c
1215,2018,Marijuana,Homeland Security,43,43,#71d4d5
1216,2018,Marijuana,Homeland Security,43,43,#71d4d5
1217,2018,Marijuana,Homeland Security,43,43,#71d4d5
1218,2018,Marijuana,Homeland Security,43,43,#71d4d5
1219,2018,Marijuana,Homeland Security,43,43,#71d4d5
1220,2018,Marijuana,Homeland Security,43,43,#71d4d5
1221,2018,Marijuana,Homeland Security,43,43,#71d4d5
1222,2018,Marijuana,Homeland Security,43,43,#71d4d5
1223,2018,Marijuana,Homeland Security,43,43,#71d4d5
1224,2018,Marijuana,Homeland Security,43,43,#71d4d5
1225,2018,Marijuana,Homeland Security,43,43,#71d4d5
1226,2018,Marijuana,Homeland Security,43,43,#71d4d5
1227,2018,Marijuana,Homeland Security,43,43,#71d4d5
1228,2018,Marijuana,Homeland Security,43,43,#71d4d5
1229,2018,Marijuana,Homeland Security,43,43,#71d4d5
1230,2018,Marijuana,Homeland Security,43,43,#71d4d5
1231,2018,Marijuana,Homeland Security,43,43,#71d4d5
1232,2018,Marijuana,Homeland Security,43,43,#71d4d5
1233,2018,Marijuana,Homeland Security,43,43,#71d4d5
1234,2018,Marijuana,Homeland Security,43,43,#71d4d5
1235,2018,Marijuana,Homeland Security,43,43,#71d4d5
1236,2018,Marijuana,Homeland Security,43,43,#71d4d5
1237,2018,Marijuana,Homeland Security,43,43,#71d4d5
1238,2018,Marijuana,Homeland Security,43,43,#71d4d5
1239,2018,Marijuana,Homeland Security,43,43,#71d4d5
1240,2018,Marijuana,Homeland Security,43,43,#71d4d5
1241,2018,Marijuana,Homeland Security,43,43,#71d4d5
1242,2018,Marijuana,Homeland Security,43,43,#71d4d5
1243,2018,Marijuana,Homeland Security,43,43,#71d4d5
1244,2018,Marijuana,Homeland Security,43,43,#71d4d5
1245,2018,Marijuana,Homeland Security,43,43,#71d4d5
1246,2018,Marijuana,Homeland Security,43,43,#71d4d5
1247,2018,Marijuana,Homeland Security,43,43,#71d4d5
1248,2018,Marijuana,Homeland Security,43,43,#71d4d5
1249,2018,Marijuana,Homeland Security,43,43,#71d4d5
1250,2018,Marijuana,Homeland Security,43,43,#71d4d5
1251,2018,Marijuana,Homeland Security,43,43,#71d4d5
1252,2018,Marijuana,Homeland Security,43,43,#71d4d5
1253,2018,Marijuana,Homeland Security,43,43,#71d4d5
1254,2018,Marijuana,Homeland Security,43,43,#71d4d5
1255,2018,Marijuana,Homeland Security,43,43,#71d4d5
1256,2018,Marijuana,Homeland Security,43,43,#71d4d5
1257,2018,Marijuana,Homeland Security,43,43,#71d4d5
1258,2019,blank,,0,99999,#ffffff
1259,2019,blank,,0,99999,#ffffff
1260,2019,Public Health,Health,12,12,#fca3b9
1261,2019,Public Health,Health,12,12,#fca3b9
1262,2019,Public Health,Health,12,12,#fca3b9
1263,2019,Public Health,Health,12,12,#fca3b9
1264,2019,Public Health,Health,12,12,#fca3b9
1265,2019,Public Health,Health,12,12,#fca3b9
1266,2019,Public Health,Health,12,12,#fca3b9
1267,2019,Public Health,Health,12,12,#fca3b9
1268,2019,Public Health,Health,12,12,#fca3b9
1269,2019,Public Health,Health,12,12,#fca3b9
1270,2019,Public Health,Health,12,12,#fca3b9
1271,2019,Public Health,Health,12,12,#fca3b9
1272,2019,Hudson Yards,Public space,22,22,#73d8cd
1273,2019,Hudson Yards,Public space,22,22,#73d8cd
1274,2019,Hudson Yards,Public space,22,22,#73d8cd
1275,2019,Hudson Yards,Public space,22,22,#73d8cd
1276,2019,Hudson Yards,Public space,22,22,#73d8cd
1277,2019,Hudson Yards,Public space,22,22,#73d8cd
1278,2019,Hudson Yards,Public space,22,22,#73d8cd
1279,2019,Hudson Yards,Public space,22,22,#73d8cd
1280,2019,Hudson Yards,Public space,22,22,#73d8cd
1281,2019,Hudson Yards,Public space,22,22,#73d8cd
1282,2019,Hudson Yards,Public space,22,22,#73d8cd
1283,2019,Hudson Yards,Public space,22,22,#73d8cd
1284,2019,Hudson Yards,Public space,22,22,#73d8cd
1285,2019,Hudson Yards,Public space,22,22,#73d8cd
1286,2019,Hudson Yards,Public space,22,22,#73d8cd
1287,2019,Hudson Yards,Public space,22,22,#73d8cd
1288,2019,Hudson Yards,Public space,22,22,#73d8cd
1289,2019,Hudson Yards,Public space,22,22,#73d8cd
1290,2019,Hudson Yards,Public space,22,22,#73d8cd
1291,2019,Hudson Yards,Public space,22,22,#73d8cd
1292,2019,Hudson Yards,Public space,22,22,#73d8cd
1293,2019,Hudson Yards,Public space,22,22,#73d8cd
1294,2019,City Streets,Public space,28,28,#ffb593
1295,2019,City Streets,Public space,28,28,#ffb593
1296,2019,City Streets,Public space,28,28,#ffb593
1297,2019,City Streets,Public space,28,28,#ffb593
1298,2019,City Streets,Public space,28,28,#ffb593
1299,2019,City Streets,Public space,28,28,#ffb593
1300,2019,City Streets,Public space,28,28,#ffb593
1301,2019,City Streets,Public space,28,28,#ffb593
1302,2019,City Streets,Public space,28,28,#ffb593
1303,2019,City Streets,Public space,28,28,#ffb593
1304,2019,City Streets,Public space,28,28,#ffb593
1305,2019,City Streets,Public space,28,28,#ffb593
1306,2019,City Streets,Public space,28,28,#ffb593
1307,2019,City Streets,Public space,28,28,#ffb593
1308,2019,City Streets,Public space,28,28,#ffb593
1309,2019,City Streets,Public space,28,28,#ffb593
1310,2019,City Streets,Public space,28,28,#ffb593
1311,2019,City Streets,Public space,28,28,#ffb593
1312,2019,City Streets,Public space,28,28,#ffb593
1313,2019,City Streets,Public space,28,28,#ffb593
1314,2019,City Streets,Public space,28,28,#ffb593
1315,2019,City Streets,Public space,28,28,#ffb593
1316,2019,City Streets,Public space,28,28,#ffb593
1317,2019,City Streets,Public space,28,28,#ffb593
1318,2019,City Streets,Public space,28,28,#ffb593
1319,2019,City Streets,Public space,28,28,#ffb593
1320,2019,City Streets,Public space,28,28,#ffb593
1321,2019,City Streets,Public space,28,28,#ffb593
1322,2019,Medallion Loans,Treasury,45,45,#95d0dd
1323,2019,Medallion Loans,Treasury,45,45,#95d0dd
1324,2019,Medallion Loans,Treasury,45,45,#95d0dd
1325,2019,Medallion Loans,Treasury,45,45,#95d0dd
1326,2019,Medallion Loans,Treasury,45,45,#95d0dd
1327,2019,Medallion Loans,Treasury,45,45,#95d0dd
1328,2019,Medallion Loans,Treasury,45,45,#95d0dd
1329,2019,Medallion Loans,Treasury,45,45,#95d0dd
1330,2019,Medallion Loans,Treasury,45,45,#95d0dd
1331,2019,Medallion Loans,Treasury,45,45,#95d0dd
1332,2019,Medallion Loans,Treasury,45,45,#95d0dd
1333,2019,Medallion Loans,Treasury,45,45,#95d0dd
1334,2019,Medallion Loans,Treasury,45,45,#95d0dd
1335,2019,Medallion Loans,Treasury,45,45,#95d0dd
1336,2019,Medallion Loans,Treasury,45,45,#95d0dd
1337,2019,Medallion Loans,Treasury,45,45,#95d0dd
1338,2019,Medallion Loans,Treasury,45,45,#95d0dd
1339,2019,Medallion Loans,Treasury,45,45,#95d0dd
1340,2019,Medallion Loans,Treasury,45,45,#95d0dd
1341,2019,Medallion Loans,Treasury,45,45,#95d0dd
1342,2019,Medallion Loans,Treasury,45,45,#95d0dd
1343,2019,Medallion Loans,Treasury,45,45,#95d0dd
1344,2019,Medallion Loans,Treasury,45,45,#95d0dd
1345,2019,Medallion Loans,Treasury,45,45,#95d0dd
1346,2019,Medallion Loans,Treasury,45,45,#95d0dd
1347,2019,Medallion Loans,Treasury,45,45,#95d0dd
1348,2019,Medallion Loans,Treasury,45,45,#95d0dd
1349,2019,Medallion Loans,Treasury,45,45,#95d0dd
1350,2019,Medallion Loans,Treasury,45,45,#95d0dd
1351,2019,Medallion Loans,Treasury,45,45,#95d0dd
1352,2019,Medallion Loans,Treasury,45,45,#95d0dd
1353,2019,Medallion Loans,Treasury,45,45,#95d0dd
1354,2019,Medallion Loans,Treasury,45,45,#95d0dd
1355,2019,Medallion Loans,Treasury,45,45,#95d0dd
1356,2019,Medallion Loans,Treasury,45,45,#95d0dd
1357,2019,Medallion Loans,Treasury,45,45,#95d0dd
1358,2019,Medallion Loans,Treasury,45,45,#95d0dd
1359,2019,Medallion Loans,Treasury,45,45,#95d0dd
1360,2019,Medallion Loans,Treasury,45,45,#95d0dd
1361,2019,Medallion Loans,Treasury,45,45,#95d0dd
1362,2019,Medallion Loans,Treasury,45,45,#95d0dd
1363,2019,Medallion Loans,Treasury,45,45,#95d0dd
1364,2019,Medallion Loans,Treasury,45,45,#95d0dd
1365,2019,Medallion Loans,Treasury,45,45,#95d0dd
1366,2019,Medallion Loans,Treasury,45,45,#95d0dd
1367,2019,Rikers Closing,Homeland Security,48,48,#ffb987
1368,2019,Rikers Closing,Homeland Security,48,48,#ffb987
1369,2019,Rikers Closing,Homeland Security,48,48,#ffb987
1370,2019,Rikers Closing,Homeland Security,48,48,#ffb987
1371,2019,Rikers Closing,Homeland Security,48,48,#ffb987
1372,2019,Rikers Closing,Homeland Security,48,48,#ffb987
1373,2019,Rikers Closing,Homeland Security,48,48,#ffb987
1374,2019,Rikers Closing,Homeland Security,48,48,#ffb987
1375,2019,Rikers Closing,Homeland Security,48,48,#ffb987
1376,2019,Rikers Closing,Homeland Security,48,48,#ffb987
1377,2019,Rikers Closing,Homeland Security,48,48,#ffb987
1378,2019,Rikers Closing,Homeland Security,48,48,#ffb987
1379,2019,Rikers Closing,Homeland Security,48,48,#ffb987
1380,2019,Rikers Closing,Homeland Security,48,48,#ffb987
1381,2019,Rikers Closing,Homeland Security,48,48,#ffb987
1382,2019,Rikers Closing,Homeland Security,48,48,#ffb987
1383,2019,Rikers Closing,Homeland Security,48,48,#ffb987
1384,2019,Rikers Closing,Homeland Security,48,48,#ffb987
1385,2019,Rikers Closing,Homeland Security,48,48,#ffb987
1386,2019,Rikers Closing,Homeland Security,48,48,#ffb987
1387,2019,Rikers Closing,Homeland Security,48,48,#ffb987
1388,2019,Rikers Closing,Homeland Security,48,48,#ffb987
1389,2019,Rikers Closing,Homeland Security,48,48,#ffb987
1390,2019,Rikers Closing,Homeland Security,48,48,#ffb987
1391,2019,Rikers Closing,Homeland Security,48,48,#ffb987
1392,2019,Rikers Closing,Homeland Security,48,48,#ffb987
1393,2019,Rikers Closing,Homeland Security,48,48,#ffb987
1394,2019,Rikers Closing,Homeland Security,48,48,#ffb987
1395,2019,Rikers Closing,Homeland Security,48,48,#ffb987
1396,2019,Rikers Closing,Homeland Security,48,48,#ffb987
1397,2019,Rikers Closing,Homeland Security,48,48,#ffb987
1398,2019,Rikers Closing,Homeland Security,48,48,#ffb987
1399,2019,Rikers Closing,Homeland Security,48,48,#ffb987
1400,2019,Rikers Closing,Homeland Security,48,48,#ffb987
1401,2019,Rikers Closing,Homeland Security,48,48,#ffb987
1402,2019,Rikers Closing,Homeland Security,48,48,#ffb987
1403,2019,Rikers Closing,Homeland Security,48,48,#ffb987
1404,2019,Rikers Closing,Homeland Security,48,48,#ffb987
1405,2019,Rikers Closing,Homeland Security,48,48,#ffb987
1406,2019,Rikers Closing,Homeland Security,48,48,#ffb987
1407,2019,Rikers Closing,Homeland Security,48,48,#ffb987
1408,2019,Rikers Closing,Homeland Security,48,48,#ffb987
1409,2019,Rikers Closing,Homeland Security,48,48,#ffb987
1410,2019,Rikers Closing,Homeland Security,48,48,#ffb987
1411,2019,Rikers Closing,Homeland Security,48,48,#ffb987
1412,2019,Rikers Closing,Homeland Security,48,48,#ffb987
1413,2019,Rikers Closing,Homeland Security,48,48,#ffb987
1414,2019,Rikers Closing,Homeland Security,48,48,#ffb987
1415,2019,Amazon,Business,53,85,#f5cbc1
1416,2019,Amazon,Business,53,85,#f5cbc1
1417,2019,Amazon,Business,53,85,#f5cbc1
1418,2019,Amazon,Business,53,85,#f5cbc1
1419,2019,Amazon,Business,53,85,#f5cbc1
1420,2019,Amazon,Business,53,85,#f5cbc1
1421,2019,Amazon,Business,53,85,#f5cbc1
1422,2019,Amazon,Business,53,85,#f5cbc1
1423,2019,Amazon,Business,53,85,#f5cbc1
1424,2019,Amazon,Business,53,85,#f5cbc1
1425,2019,Amazon,Business,53,85,#f5cbc1
1426,2019,Amazon,Business,53,85,#f5cbc1
1427,2019,Amazon,Business,53,85,#f5cbc1
1428,2019,Amazon,Business,53,85,#f5cbc1
1429,2019,Amazon,Business,53,85,#f5cbc1
1430,2019,Amazon,Business,53,85,#f5cbc1
1431,2019,Amazon,Business,53,85,#f5cbc1
1432,2019,Amazon,Business,53,85,#f5cbc1
1433,2019,Amazon,Business,53,85,#f5cbc1
1434,2019,Amazon,Business,53,85,#f5cbc1
1435,2019,Amazon,Business,53,85,#f5cbc1
1436,2019,Amazon,Business,53,85,#f5cbc1
1437,2019,Amazon,Business,53,85,#f5cbc1
1438,2019,Amazon,Business,53,85,#f5cbc1
1439,2019,Amazon,Business,53,85,#f5cbc1
1440,2019,Amazon,Business,53,85,#f5cbc1
1441,2019,Amazon,Business,53,85,#f5cbc1
1442,2019,Amazon,Business,53,85,#f5cbc1
1443,2019,Amazon,Business,53,85,#f5cbc1
1444,2019,Amazon,Business,53,85,#f5cbc1
1445,2019,Amazon,Business,53,85,#f5cbc1
1446,2019,Amazon,Business,53,85,#f5cbc1
1447,2019,Amazon,Business,53,85,#f5cbc1
1448,2019,Amazon,Business,53,85,#f5cbc1
1449,2019,Amazon,Business,53,85,#f5cbc1
1450,2019,Amazon,Business,53,85,#f5cbc1
1451,2019,Amazon,Business,53,85,#f5cbc1
1452,2019,Amazon,Business,53,85,#f5cbc1
1453,2019,Amazon,Business,53,85,#f5cbc1
1454,2019,Amazon,Business,53,85,#f5cbc1
1455,2019,Amazon,Business,53,85,#f5cbc1
1456,2019,Amazon,Business,53,85,#f5cbc1
1457,2019,Amazon,Business,53,85,#f5cbc1
1458,2019,Amazon,Business,53,85,#f5cbc1
1459,2019,Amazon,Business,53,85,#f5cbc1
1460,2019,Amazon,Business,53,85,#f5cbc1
1461,2019,Amazon,Business,53,85,#f5cbc1
1462,2019,Amazon,Business,53,85,#f5cbc1
1463,2019,Amazon,Business,53,85,#f5cbc1
1464,2019,Amazon,Business,53,85,#f5cbc1
1465,2019,Amazon,Business,53,85,#f5cbc1
1466,2019,Amazon,Business,53,85,#f5cbc1
1467,2019,Amazon,Business,53,85,#f5cbc1
1468,2020,blank,,0,99999,#ffffff
1469,2020,blank,,0,99999,#ffffff
1470,2020,ICE,etc,1,1,#8adad8
1471,2020,Medallion City Council Task Force,Transportation,1,1,#8dd2d9
1472,2020,Foie Gras Ban,etc,2,2,#c1de8b
1473,2020,Foie Gras Ban,etc,2,2,#c1de8b
1474,2020,Plastic Bag Ban,Environment,3,3,#e0bcd2
1475,2020,Plastic Bag Ban,Environment,3,3,#e0bcd2
1476,2020,Plastic Bag Ban,Environment,3,3,#e0bcd2
1477,2020,Primaries,Election,4,4,#f89cb9
1478,2020,Primaries,Election,4,4,#f89cb9
1479,2020,Primaries,Election,4,4,#f89cb9
1480,2020,Primaries,Election,4,4,#f89cb9
1481,2020,BLM Defunding Police,Homeland Security,41,41,#efc3d6
1482,2020,BLM Defunding Police,Homeland Security,41,41,#efc3d6
1483,2020,BLM Defunding Police,Homeland Security,41,41,#efc3d6
1484,2020,BLM Defunding Police,Homeland Security,41,41,#efc3d6
1485,2020,BLM Defunding Police,Homeland Security,41,41,#efc3d6
1486,2020,BLM Defunding Police,Homeland Security,41,41,#efc3d6
1487,2020,BLM Defunding Police,Homeland Security,41,41,#efc3d6
1488,2020,BLM Defunding Police,Homeland Security,41,41,#efc3d6
1489,2020,BLM Defunding Police,Homeland Security,41,41,#efc3d6
1490,2020,BLM Defunding Police,Homeland Security,41,41,#efc3d6
1491,2020,BLM Defunding Police,Homeland Security,41,41,#efc3d6
1492,2020,BLM Defunding Police,Homeland Security,41,41,#efc3d6
1493,2020,BLM Defunding Police,Homeland Security,41,41,#efc3d6
1494,2020,BLM Defunding Police,Homeland Security,41,41,#efc3d6
1495,2020,BLM Defunding Police,Homeland Security,41,41,#efc3d6
1496,2020,BLM Defunding Police,Homeland Security,41,41,#efc3d6
1497,2020,BLM Defunding Police,Homeland Security,41,41,#efc3d6
1498,2020,BLM Defunding Police,Homeland Security,41,41,#efc3d6
1499,2020,BLM Defunding Police,Homeland Security,41,41,#efc3d6
1500,2020,BLM Defunding Police,Homeland Security,41,41,#efc3d6
1501,2020,BLM Defunding Police,Homeland Security,41,41,#efc3d6
1502,2020,BLM Defunding Police,Homeland Security,41,41,#efc3d6
1503,2020,BLM Defunding Police,Homeland Security,41,41,#efc3d6
1504,2020,BLM Defunding Police,Homeland Security,41,41,#efc3d6
1505,2020,BLM Defunding Police,Homeland Security,41,41,#efc3d6
1506,2020,BLM Defunding Police,Homeland Security,41,41,#efc3d6
1507,2020,BLM Defunding Police,Homeland Security,41,41,#efc3d6
1508,2020,BLM Defunding Police,Homeland Security,41,41,#efc3d6
1509,2020,BLM Defunding Police,Homeland Security,41,41,#efc3d6
1510,2020,BLM Defunding Police,Homeland Security,41,41,#efc3d6
1511,2020,BLM Defunding Police,Homeland Security,41,41,#efc3d6
1512,2020,BLM Defunding Police,Homeland Security,41,41,#efc3d6
1513,2020,BLM Defunding Police,Homeland Security,41,41,#efc3d6
1514,2020,BLM Defunding Police,Homeland Security,41,41,#efc3d6
1515,2020,BLM Defunding Police,Homeland Security,41,41,#efc3d6
1516,2020,BLM Defunding Police,Homeland Security,41,41,#efc3d6
1517,2020,BLM Defunding Police,Homeland Security,41,41,#efc3d6
1518,2020,BLM Defunding Police,Homeland Security,41,41,#efc3d6
1519,2020,BLM Defunding Police,Homeland Security,41,41,#efc3d6
1520,2020,BLM Defunding Police,Homeland Security,41,41,#efc3d6
1521,2020,BLM Defunding Police,Homeland Security,41,41,#efc3d6
1522,2020,BLM Police Protest,Homeland Security,43,43,#ffadaf
1523,2020,BLM Police Protest,Homeland Security,43,43,#ffadaf
1524,2020,BLM Police Protest,Homeland Security,43,43,#ffadaf
1525,2020,BLM Police Protest,Homeland Security,43,43,#ffadaf
1526,2020,BLM Police Protest,Homeland Security,43,43,#ffadaf
1527,2020,BLM Police Protest,Homeland Security,43,43,#ffadaf
1528,2020,BLM Police Protest,Homeland Security,43,43,#ffadaf
1529,2020,BLM Police Protest,Homeland Security,43,43,#ffadaf
1530,2020,BLM Police Protest,Homeland Security,43,43,#ffadaf
1531,2020,BLM Police Protest,Homeland Security,43,43,#ffadaf
1532,2020,BLM Police Protest,Homeland Security,43,43,#ffadaf
1533,2020,BLM Police Protest,Homeland Security,43,43,#ffadaf
1534,2020,BLM Police Protest,Homeland Security,43,43,#ffadaf
1535,2020,BLM Police Protest,Homeland Security,43,43,#ffadaf
1536,2020,BLM Police Protest,Homeland Security,43,43,#ffadaf
1537,2020,BLM Police Protest,Homeland Security,43,43,#ffadaf
1538,2020,BLM Police Protest,Homeland Security,43,43,#ffadaf
1539,2020,BLM Police Protest,Homeland Security,43,43,#ffadaf
1540,2020,BLM Police Protest,Homeland Security,43,43,#ffadaf
1541,2020,BLM Police Protest,Homeland Security,43,43,#ffadaf
1542,2020,BLM Police Protest,Homeland Security,43,43,#ffadaf
1543,2020,BLM Police Protest,Homeland Security,43,43,#ffadaf
1544,2020,BLM Police Protest,Homeland Security,43,43,#ffadaf
1545,2020,BLM Police Protest,Homeland Security,43,43,#ffadaf
1546,2020,BLM Police Protest,Homeland Security,43,43,#ffadaf
1547,2020,BLM Police Protest,Homeland Security,43,43,#ffadaf
1548,2020,BLM Police Protest,Homeland Security,43,43,#ffadaf
1549,2020,BLM Police Protest,Homeland Security,43,43,#ffadaf
1550,2020,BLM Police Protest,Homeland Security,43,43,#ffadaf
1551,2020,BLM Police Protest,Homeland Security,43,43,#ffadaf
1552,2020,BLM Police Protest,Homeland Security,43,43,#ffadaf
1553,2020,BLM Police Protest,Homeland Security,43,43,#ffadaf
1554,2020,BLM Police Protest,Homeland Security,43,43,#ffadaf
1555,2020,BLM Police Protest,Homeland Security,43,43,#ffadaf
1556,2020,BLM Police Protest,Homeland Security,43,43,#ffadaf
1557,2020,BLM Police Protest,Homeland Security,43,43,#ffadaf
1558,2020,BLM Police Protest,Homeland Security,43,43,#ffadaf
1559,2020,BLM Police Protest,Homeland Security,43,43,#ffadaf
1560,2020,BLM Police Protest,Homeland Security,43,43,#ffadaf
1561,2020,BLM Police Protest,Homeland Security,43,43,#ffadaf
1562,2020,BLM Police Protest,Homeland Security,43,43,#ffadaf
1563,2020,BLM Police Protest,Homeland Security,43,43,#ffadaf
1564,2020,BLM Police Protest,Homeland Security,43,43,#ffadaf
1565,2020,Coronavirus,Health,51,51,#fcc593
1566,2020,Coronavirus,Health,51,51,#fcc593
1567,2020,Coronavirus,Health,51,51,#fcc593
1568,2020,Coronavirus,Health,51,51,#fcc593
1569,2020,Coronavirus,Health,51,51,#fcc593
1570,2020,Coronavirus,Health,51,51,#fcc593
1571,2020,Coronavirus,Health,51,51,#fcc593
1572,2020,Coronavirus,Health,51,51,#fcc593
1573,2020,Coronavirus,Health,51,51,#fcc593
1574,2020,Coronavirus,Health,51,51,#fcc593
1575,2020,Coronavirus,Health,51,51,#fcc593
1576,2020,Coronavirus,Health,51,51,#fcc593
1577,2020,Coronavirus,Health,51,51,#fcc593
1578,2020,Coronavirus,Health,51,51,#fcc593
1579,2020,Coronavirus,Health,51,51,#fcc593
1580,2020,Coronavirus,Health,51,51,#fcc593
1581,2020,Coronavirus,Health,51,51,#fcc593
1582,2020,Coronavirus,Health,51,51,#fcc593
1583,2020,Coronavirus,Health,51,51,#fcc593
1584,2020,Coronavirus,Health,51,51,#fcc593
1585,2020,Coronavirus,Health,51,51,#fcc593
1586,2020,Coronavirus,Health,51,51,#fcc593
1587,2020,Coronavirus,Health,51,51,#fcc593
1588,2020,Coronavirus,Health,51,51,#fcc593
1589,2020,Coronavirus,Health,51,51,#fcc593
1590,2020,Coronavirus,Health,51,51,#fcc593
1591,2020,Coronavirus,Health,51,51,#fcc593
1592,2020,Coronavirus,Health,51,51,#fcc593
1593,2020,Coronavirus,Health,51,51,#fcc593
1594,2020,Coronavirus,Health,51,51,#fcc593
1595,2020,Coronavirus,Health,51,51,#fcc593
1596,2020,Coronavirus,Health,51,51,#fcc593
1597,2020,Coronavirus,Health,51,51,#fcc593
1598,2020,Coronavirus,Health,51,51,#fcc593
1599,2020,Coronavirus,Health,51,51,#fcc593
1600,2020,Coronavirus,Health,51,51,#fcc593
1601,2020,Coronavirus,Health,51,51,#fcc593
1602,2020,Coronavirus,Health,51,51,#fcc593
1603,2020,Coronavirus,Health,51,51,#fcc593
1604,2020,Coronavirus,Health,51,51,#fcc593
1605,2020,Coronavirus,Health,51,51,#fcc593
1606,2020,Coronavirus,Health,51,51,#fcc593
1607,2020,Coronavirus,Health,51,51,#fcc593
1608,2020,Coronavirus,Health,51,51,#fcc593
1609,2020,Coronavirus,Health,51,51,#fcc593
1610,2020,Coronavirus,Health,51,51,#fcc593
1611,2020,Coronavirus,Health,51,51,#fcc593
1612,2020,Coronavirus,Health,51,51,#fcc593
1613,2020,Coronavirus,Health,51,51,#fcc593
1614,2020,Coronavirus,Health,51,51,#fcc593
1615,2020,Coronavirus,Health,51,51,#fcc593