yearindex,topicindex,year,topic,category,radius,count,countall,color
1,1742,2013,yearblank,yearblank,0,0,0,#ffffff
2,1743,2013,yearblank,yearblank,0,0,99999,#ffffff
3,45,2013,E-Cigarette Ban,Health,5,8,8,#fb7f82
4,46,2013,E-Cigarette Ban,Health,5,8,8,#fb7f82
5,47,2013,E-Cigarette Ban,Health,5,8,8,#fb7f82
6,48,2013,E-Cigarette Ban,Health,5,8,8,#fb7f82
7,49,2013,E-Cigarette Ban,Health,5,8,8,#fb7f82
8,50,2013,E-Cigarette Ban,Health,5,8,8,#fb7f82
9,51,2013,E-Cigarette Ban,Health,5,8,8,#fb7f82
10,52,2013,E-Cigarette Ban,Health,5,8,8,#fb7f82
11,1005,2013,NYC Transit,Transportation,5,24,117,#777777
12,1006,2013,NYC Transit,Transportation,5,24,117,#777777
13,1007,2013,NYC Transit,Transportation,5,24,117,#777777
14,1008,2013,NYC Transit,Transportation,5,24,117,#777777
15,1009,2013,NYC Transit,Transportation,5,24,117,#777777
16,1010,2013,NYC Transit,Transportation,5,24,117,#777777
17,1011,2013,NYC Transit,Transportation,5,24,117,#777777
18,1012,2013,NYC Transit,Transportation,5,24,117,#777777
19,1013,2013,NYC Transit,Transportation,5,24,117,#777777
20,1014,2013,NYC Transit,Transportation,5,24,117,#777777
21,1015,2013,NYC Transit,Transportation,5,24,117,#777777
22,1016,2013,NYC Transit,Transportation,5,24,117,#777777
23,1017,2013,NYC Transit,Transportation,5,24,117,#777777
24,1018,2013,NYC Transit,Transportation,5,24,117,#777777
25,1019,2013,NYC Transit,Transportation,5,24,117,#777777
26,1020,2013,NYC Transit,Transportation,5,24,117,#777777
27,1021,2013,NYC Transit,Transportation,5,24,117,#777777
28,1022,2013,NYC Transit,Transportation,5,24,117,#777777
29,1023,2013,NYC Transit,Transportation,5,24,117,#777777
30,1024,2013,NYC Transit,Transportation,5,24,117,#777777
31,1025,2013,NYC Transit,Transportation,5,24,117,#777777
32,1026,2013,NYC Transit,Transportation,5,24,117,#777777
33,1027,2013,NYC Transit,Transportation,5,24,117,#777777
34,1028,2013,NYC Transit,Transportation,5,24,117,#777777
35,1516,2013,Education,Education,5,60,226,#1b79a5
36,1517,2013,Education,Education,5,60,226,#1b79a5
37,1518,2013,Education,Education,5,60,226,#1b79a5
38,1519,2013,Education,Education,5,60,226,#1b79a5
39,1520,2013,Education,Education,5,60,226,#1b79a5
40,1521,2013,Education,Education,5,60,226,#1b79a5
41,1522,2013,Education,Education,5,60,226,#1b79a5
42,1523,2013,Education,Education,5,60,226,#1b79a5
43,1524,2013,Education,Education,5,60,226,#1b79a5
44,1525,2013,Education,Education,5,60,226,#1b79a5
45,1526,2013,Education,Education,5,60,226,#1b79a5
46,1527,2013,Education,Education,5,60,226,#1b79a5
47,1528,2013,Education,Education,5,60,226,#1b79a5
48,1529,2013,Education,Education,5,60,226,#1b79a5
49,1530,2013,Education,Education,5,60,226,#1b79a5
50,1531,2013,Education,Education,5,60,226,#1b79a5
51,1532,2013,Education,Education,5,60,226,#1b79a5
52,1533,2013,Education,Education,5,60,226,#1b79a5
53,1534,2013,Education,Education,5,60,226,#1b79a5
54,1535,2013,Education,Education,5,60,226,#1b79a5
55,1536,2013,Education,Education,5,60,226,#1b79a5
56,1537,2013,Education,Education,5,60,226,#1b79a5
57,1538,2013,Education,Education,5,60,226,#1b79a5
58,1539,2013,Education,Education,5,60,226,#1b79a5
59,1540,2013,Education,Education,5,60,226,#1b79a5
60,1541,2013,Education,Education,5,60,226,#1b79a5
61,1542,2013,Education,Education,5,60,226,#1b79a5
62,1543,2013,Education,Education,5,60,226,#1b79a5
63,1544,2013,Education,Education,5,60,226,#1b79a5
64,1545,2013,Education,Education,5,60,226,#1b79a5
65,1546,2013,Education,Education,5,60,226,#1b79a5
66,1547,2013,Education,Education,5,60,226,#1b79a5
67,1548,2013,Education,Education,5,60,226,#1b79a5
68,1549,2013,Education,Education,5,60,226,#1b79a5
69,1550,2013,Education,Education,5,60,226,#1b79a5
70,1551,2013,Education,Education,5,60,226,#1b79a5
71,1552,2013,Education,Education,5,60,226,#1b79a5
72,1553,2013,Education,Education,5,60,226,#1b79a5
73,1554,2013,Education,Education,5,60,226,#1b79a5
74,1555,2013,Education,Education,5,60,226,#1b79a5
75,1556,2013,Education,Education,5,60,226,#1b79a5
76,1557,2013,Education,Education,5,60,226,#1b79a5
77,1558,2013,Education,Education,5,60,226,#1b79a5
78,1559,2013,Education,Education,5,60,226,#1b79a5
79,1560,2013,Education,Education,5,60,226,#1b79a5
80,1561,2013,Education,Education,5,60,226,#1b79a5
81,1562,2013,Education,Education,5,60,226,#1b79a5
82,1563,2013,Education,Education,5,60,226,#1b79a5
83,1564,2013,Education,Education,5,60,226,#1b79a5
84,1565,2013,Education,Education,5,60,226,#1b79a5
85,1566,2013,Education,Education,5,60,226,#1b79a5
86,1567,2013,Education,Education,5,60,226,#1b79a5
87,1568,2013,Education,Education,5,60,226,#1b79a5
88,1569,2013,Education,Education,5,60,226,#1b79a5
89,1570,2013,Education,Education,5,60,226,#1b79a5
90,1571,2013,Education,Education,5,60,226,#1b79a5
91,1572,2013,Education,Education,5,60,226,#1b79a5
92,1573,2013,Education,Education,5,60,226,#1b79a5
93,1574,2013,Education,Education,5,60,226,#1b79a5
94,1575,2013,Education,Education,5,60,226,#1b79a5
95,1318,2013,Election,Election,5,170,194,#910a58
96,1319,2013,Election,Election,5,170,194,#910a58
97,1320,2013,Election,Election,5,170,194,#910a58
98,1321,2013,Election,Election,5,170,194,#910a58
99,1322,2013,Election,Election,5,170,194,#910a58
100,1323,2013,Election,Election,5,170,194,#910a58
101,1324,2013,Election,Election,5,170,194,#910a58
102,1325,2013,Election,Election,5,170,194,#910a58
103,1326,2013,Election,Election,5,170,194,#910a58
104,1327,2013,Election,Election,5,170,194,#910a58
105,1328,2013,Election,Election,5,170,194,#910a58
106,1329,2013,Election,Election,5,170,194,#910a58
107,1330,2013,Election,Election,5,170,194,#910a58
108,1331,2013,Election,Election,5,170,194,#910a58
109,1332,2013,Election,Election,5,170,194,#910a58
110,1333,2013,Election,Election,5,170,194,#910a58
111,1334,2013,Election,Election,5,170,194,#910a58
112,1335,2013,Election,Election,5,170,194,#910a58
113,1336,2013,Election,Election,5,170,194,#910a58
114,1337,2013,Election,Election,5,170,194,#910a58
115,1338,2013,Election,Election,5,170,194,#910a58
116,1339,2013,Election,Election,5,170,194,#910a58
117,1340,2013,Election,Election,5,170,194,#910a58
118,1341,2013,Election,Election,5,170,194,#910a58
119,1342,2013,Election,Election,5,170,194,#910a58
120,1343,2013,Election,Election,5,170,194,#910a58
121,1344,2013,Election,Election,5,170,194,#910a58
122,1345,2013,Election,Election,5,170,194,#910a58
123,1346,2013,Election,Election,5,170,194,#910a58
124,1347,2013,Election,Election,5,170,194,#910a58
125,1348,2013,Election,Election,5,170,194,#910a58
126,1349,2013,Election,Election,5,170,194,#910a58
127,1350,2013,Election,Election,5,170,194,#910a58
128,1351,2013,Election,Election,5,170,194,#910a58
129,1352,2013,Election,Election,5,170,194,#910a58
130,1353,2013,Election,Election,5,170,194,#910a58
131,1354,2013,Election,Election,5,170,194,#910a58
132,1355,2013,Election,Election,5,170,194,#910a58
133,1356,2013,Election,Election,5,170,194,#910a58
134,1357,2013,Election,Election,5,170,194,#910a58
135,1358,2013,Election,Election,5,170,194,#910a58
136,1359,2013,Election,Election,5,170,194,#910a58
137,1360,2013,Election,Election,5,170,194,#910a58
138,1361,2013,Election,Election,5,170,194,#910a58
139,1362,2013,Election,Election,5,170,194,#910a58
140,1363,2013,Election,Election,5,170,194,#910a58
141,1364,2013,Election,Election,5,170,194,#910a58
142,1365,2013,Election,Election,5,170,194,#910a58
143,1366,2013,Election,Election,5,170,194,#910a58
144,1367,2013,Election,Election,5,170,194,#910a58
145,1368,2013,Election,Election,5,170,194,#910a58
146,1369,2013,Election,Election,5,170,194,#910a58
147,1370,2013,Election,Election,5,170,194,#910a58
148,1371,2013,Election,Election,5,170,194,#910a58
149,1372,2013,Election,Election,5,170,194,#910a58
150,1373,2013,Election,Election,5,170,194,#910a58
151,1374,2013,Election,Election,5,170,194,#910a58
152,1375,2013,Election,Election,5,170,194,#910a58
153,1376,2013,Election,Election,5,170,194,#910a58
154,1377,2013,Election,Election,5,170,194,#910a58
155,1378,2013,Election,Election,5,170,194,#910a58
156,1379,2013,Election,Election,5,170,194,#910a58
157,1380,2013,Election,Election,5,170,194,#910a58
158,1381,2013,Election,Election,5,170,194,#910a58
159,1382,2013,Election,Election,5,170,194,#910a58
160,1383,2013,Election,Election,5,170,194,#910a58
161,1384,2013,Election,Election,5,170,194,#910a58
162,1385,2013,Election,Election,5,170,194,#910a58
163,1386,2013,Election,Election,5,170,194,#910a58
164,1387,2013,Election,Election,5,170,194,#910a58
165,1388,2013,Election,Election,5,170,194,#910a58
166,1389,2013,Election,Election,5,170,194,#910a58
167,1390,2013,Election,Election,5,170,194,#910a58
168,1391,2013,Election,Election,5,170,194,#910a58
169,1392,2013,Election,Election,5,170,194,#910a58
170,1393,2013,Election,Election,5,170,194,#910a58
171,1394,2013,Election,Election,5,170,194,#910a58
172,1395,2013,Election,Election,5,170,194,#910a58
173,1396,2013,Election,Election,5,170,194,#910a58
174,1397,2013,Election,Election,5,170,194,#910a58
175,1398,2013,Election,Election,5,170,194,#910a58
176,1399,2013,Election,Election,5,170,194,#910a58
177,1400,2013,Election,Election,5,170,194,#910a58
178,1401,2013,Election,Election,5,170,194,#910a58
179,1402,2013,Election,Election,5,170,194,#910a58
180,1403,2013,Election,Election,5,170,194,#910a58
181,1404,2013,Election,Election,5,170,194,#910a58
182,1405,2013,Election,Election,5,170,194,#910a58
183,1406,2013,Election,Election,5,170,194,#910a58
184,1407,2013,Election,Election,5,170,194,#910a58
185,1408,2013,Election,Election,5,170,194,#910a58
186,1409,2013,Election,Election,5,170,194,#910a58
187,1410,2013,Election,Election,5,170,194,#910a58
188,1411,2013,Election,Election,5,170,194,#910a58
189,1412,2013,Election,Election,5,170,194,#910a58
190,1413,2013,Election,Election,5,170,194,#910a58
191,1414,2013,Election,Election,5,170,194,#910a58
192,1415,2013,Election,Election,5,170,194,#910a58
193,1416,2013,Election,Election,5,170,194,#910a58
194,1417,2013,Election,Election,5,170,194,#910a58
195,1418,2013,Election,Election,5,170,194,#910a58
196,1419,2013,Election,Election,5,170,194,#910a58
197,1420,2013,Election,Election,5,170,194,#910a58
198,1421,2013,Election,Election,5,170,194,#910a58
199,1422,2013,Election,Election,5,170,194,#910a58
200,1423,2013,Election,Election,5,170,194,#910a58
201,1424,2013,Election,Election,5,170,194,#910a58
202,1425,2013,Election,Election,5,170,194,#910a58
203,1426,2013,Election,Election,5,170,194,#910a58
204,1427,2013,Election,Election,5,170,194,#910a58
205,1428,2013,Election,Election,5,170,194,#910a58
206,1429,2013,Election,Election,5,170,194,#910a58
207,1430,2013,Election,Election,5,170,194,#910a58
208,1431,2013,Election,Election,5,170,194,#910a58
209,1432,2013,Election,Election,5,170,194,#910a58
210,1433,2013,Election,Election,5,170,194,#910a58
211,1434,2013,Election,Election,5,170,194,#910a58
212,1435,2013,Election,Election,5,170,194,#910a58
213,1436,2013,Election,Election,5,170,194,#910a58
214,1437,2013,Election,Election,5,170,194,#910a58
215,1438,2013,Election,Election,5,170,194,#910a58
216,1439,2013,Election,Election,5,170,194,#910a58
217,1440,2013,Election,Election,5,170,194,#910a58
218,1441,2013,Election,Election,5,170,194,#910a58
219,1442,2013,Election,Election,5,170,194,#910a58
220,1443,2013,Election,Election,5,170,194,#910a58
221,1444,2013,Election,Election,5,170,194,#910a58
222,1445,2013,Election,Election,5,170,194,#910a58
223,1446,2013,Election,Election,5,170,194,#910a58
224,1447,2013,Election,Election,5,170,194,#910a58
225,1448,2013,Election,Election,5,170,194,#910a58
226,1449,2013,Election,Election,5,170,194,#910a58
227,1450,2013,Election,Election,5,170,194,#910a58
228,1451,2013,Election,Election,5,170,194,#910a58
229,1452,2013,Election,Election,5,170,194,#910a58
230,1453,2013,Election,Election,5,170,194,#910a58
231,1454,2013,Election,Election,5,170,194,#910a58
232,1455,2013,Election,Election,5,170,194,#910a58
233,1456,2013,Election,Election,5,170,194,#910a58
234,1457,2013,Election,Election,5,170,194,#910a58
235,1458,2013,Election,Election,5,170,194,#910a58
236,1459,2013,Election,Election,5,170,194,#910a58
237,1460,2013,Election,Election,5,170,194,#910a58
238,1461,2013,Election,Election,5,170,194,#910a58
239,1462,2013,Election,Election,5,170,194,#910a58
240,1463,2013,Election,Election,5,170,194,#910a58
241,1464,2013,Election,Election,5,170,194,#910a58
242,1465,2013,Election,Election,5,170,194,#910a58
243,1466,2013,Election,Election,5,170,194,#910a58
244,1467,2013,Election,Election,5,170,194,#910a58
245,1468,2013,Election,Election,5,170,194,#910a58
246,1469,2013,Election,Election,5,170,194,#910a58
247,1470,2013,Election,Election,5,170,194,#910a58
248,1471,2013,Election,Election,5,170,194,#910a58
249,1472,2013,Election,Election,5,170,194,#910a58
250,1473,2013,Election,Election,5,170,194,#910a58
251,1474,2013,Election,Election,5,170,194,#910a58
252,1475,2013,Election,Election,5,170,194,#910a58
253,1476,2013,Election,Election,5,170,194,#910a58
254,1477,2013,Election,Election,5,170,194,#910a58
255,1478,2013,Election,Election,5,170,194,#910a58
256,1479,2013,Election,Election,5,170,194,#910a58
257,1480,2013,Election,Election,5,170,194,#910a58
258,1481,2013,Election,Election,5,170,194,#910a58
259,1482,2013,Election,Election,5,170,194,#910a58
260,1483,2013,Election,Election,5,170,194,#910a58
261,1484,2013,Election,Election,5,170,194,#910a58
262,1485,2013,Election,Election,5,170,194,#910a58
263,1486,2013,Election,Election,5,170,194,#910a58
264,1487,2013,Election,Election,5,170,194,#910a58
265,1744,2014,yearblank,yearblank,0,0,0,#ffffff
266,1745,2014,yearblank,yearblank,0,0,99999,#ffffff
267,753,2014,Real Estate,Housing,5,24,76,#dbca4b
268,754,2014,Real Estate,Housing,5,24,76,#dbca4b
269,755,2014,Real Estate,Housing,5,24,76,#dbca4b
270,756,2014,Real Estate,Housing,5,24,76,#dbca4b
271,757,2014,Real Estate,Housing,5,24,76,#dbca4b
272,758,2014,Real Estate,Housing,5,24,76,#dbca4b
273,759,2014,Real Estate,Housing,5,24,76,#dbca4b
274,760,2014,Real Estate,Housing,5,24,76,#dbca4b
275,761,2014,Real Estate,Housing,5,24,76,#dbca4b
276,762,2014,Real Estate,Housing,5,24,76,#dbca4b
277,763,2014,Real Estate,Housing,5,24,76,#dbca4b
278,764,2014,Real Estate,Housing,5,24,76,#dbca4b
279,765,2014,Real Estate,Housing,5,24,76,#dbca4b
280,766,2014,Real Estate,Housing,5,24,76,#dbca4b
281,767,2014,Real Estate,Housing,5,24,76,#dbca4b
282,768,2014,Real Estate,Housing,5,24,76,#dbca4b
283,769,2014,Real Estate,Housing,5,24,76,#dbca4b
284,770,2014,Real Estate,Housing,5,24,76,#dbca4b
285,771,2014,Real Estate,Housing,5,24,76,#dbca4b
286,772,2014,Real Estate,Housing,5,24,76,#dbca4b
287,773,2014,Real Estate,Housing,5,24,76,#dbca4b
288,774,2014,Real Estate,Housing,5,24,76,#dbca4b
289,775,2014,Real Estate,Housing,5,24,76,#dbca4b
290,776,2014,Real Estate,Housing,5,24,76,#dbca4b
291,251,2014,Rikers Mental Health,Police/security,5,38,38,#8e2b2e
292,252,2014,Rikers Mental Health,Police/security,5,38,38,#8e2b2e
293,253,2014,Rikers Mental Health,Police/security,5,38,38,#8e2b2e
294,254,2014,Rikers Mental Health,Police/security,5,38,38,#8e2b2e
295,255,2014,Rikers Mental Health,Police/security,5,38,38,#8e2b2e
296,256,2014,Rikers Mental Health,Police/security,5,38,38,#8e2b2e
297,257,2014,Rikers Mental Health,Police/security,5,38,38,#8e2b2e
298,258,2014,Rikers Mental Health,Police/security,5,38,38,#8e2b2e
299,259,2014,Rikers Mental Health,Police/security,5,38,38,#8e2b2e
300,260,2014,Rikers Mental Health,Police/security,5,38,38,#8e2b2e
301,261,2014,Rikers Mental Health,Police/security,5,38,38,#8e2b2e
302,262,2014,Rikers Mental Health,Police/security,5,38,38,#8e2b2e
303,263,2014,Rikers Mental Health,Police/security,5,38,38,#8e2b2e
304,264,2014,Rikers Mental Health,Police/security,5,38,38,#8e2b2e
305,265,2014,Rikers Mental Health,Police/security,5,38,38,#8e2b2e
306,266,2014,Rikers Mental Health,Police/security,5,38,38,#8e2b2e
307,267,2014,Rikers Mental Health,Police/security,5,38,38,#8e2b2e
308,268,2014,Rikers Mental Health,Police/security,5,38,38,#8e2b2e
309,269,2014,Rikers Mental Health,Police/security,5,38,38,#8e2b2e
310,270,2014,Rikers Mental Health,Police/security,5,38,38,#8e2b2e
311,271,2014,Rikers Mental Health,Police/security,5,38,38,#8e2b2e
312,272,2014,Rikers Mental Health,Police/security,5,38,38,#8e2b2e
313,273,2014,Rikers Mental Health,Police/security,5,38,38,#8e2b2e
314,274,2014,Rikers Mental Health,Police/security,5,38,38,#8e2b2e
315,275,2014,Rikers Mental Health,Police/security,5,38,38,#8e2b2e
316,276,2014,Rikers Mental Health,Police/security,5,38,38,#8e2b2e
317,277,2014,Rikers Mental Health,Police/security,5,38,38,#8e2b2e
318,278,2014,Rikers Mental Health,Police/security,5,38,38,#8e2b2e
319,279,2014,Rikers Mental Health,Police/security,5,38,38,#8e2b2e
320,280,2014,Rikers Mental Health,Police/security,5,38,38,#8e2b2e
321,281,2014,Rikers Mental Health,Police/security,5,38,38,#8e2b2e
322,282,2014,Rikers Mental Health,Police/security,5,38,38,#8e2b2e
323,283,2014,Rikers Mental Health,Police/security,5,38,38,#8e2b2e
324,284,2014,Rikers Mental Health,Police/security,5,38,38,#8e2b2e
325,285,2014,Rikers Mental Health,Police/security,5,38,38,#8e2b2e
326,286,2014,Rikers Mental Health,Police/security,5,38,38,#8e2b2e
327,287,2014,Rikers Mental Health,Police/security,5,38,38,#8e2b2e
328,288,2014,Rikers Mental Health,Police/security,5,38,38,#8e2b2e
329,1125,2014,Police,Police/security,5,43,190,#db2a40
330,1126,2014,Police,Police/security,5,43,190,#db2a40
331,1127,2014,Police,Police/security,5,43,190,#db2a40
332,1128,2014,Police,Police/security,5,43,190,#db2a40
333,1129,2014,Police,Police/security,5,43,190,#db2a40
334,1130,2014,Police,Police/security,5,43,190,#db2a40
335,1131,2014,Police,Police/security,5,43,190,#db2a40
336,1132,2014,Police,Police/security,5,43,190,#db2a40
337,1133,2014,Police,Police/security,5,43,190,#db2a40
338,1134,2014,Police,Police/security,5,43,190,#db2a40
339,1135,2014,Police,Police/security,5,43,190,#db2a40
340,1136,2014,Police,Police/security,5,43,190,#db2a40
341,1137,2014,Police,Police/security,5,43,190,#db2a40
342,1138,2014,Police,Police/security,5,43,190,#db2a40
343,1139,2014,Police,Police/security,5,43,190,#db2a40
344,1140,2014,Police,Police/security,5,43,190,#db2a40
345,1141,2014,Police,Police/security,5,43,190,#db2a40
346,1142,2014,Police,Police/security,5,43,190,#db2a40
347,1143,2014,Police,Police/security,5,43,190,#db2a40
348,1144,2014,Police,Police/security,5,43,190,#db2a40
349,1145,2014,Police,Police/security,5,43,190,#db2a40
350,1146,2014,Police,Police/security,5,43,190,#db2a40
351,1147,2014,Police,Police/security,5,43,190,#db2a40
352,1148,2014,Police,Police/security,5,43,190,#db2a40
353,1149,2014,Police,Police/security,5,43,190,#db2a40
354,1150,2014,Police,Police/security,5,43,190,#db2a40
355,1151,2014,Police,Police/security,5,43,190,#db2a40
356,1152,2014,Police,Police/security,5,43,190,#db2a40
357,1153,2014,Police,Police/security,5,43,190,#db2a40
358,1154,2014,Police,Police/security,5,43,190,#db2a40
359,1155,2014,Police,Police/security,5,43,190,#db2a40
360,1156,2014,Police,Police/security,5,43,190,#db2a40
361,1157,2014,Police,Police/security,5,43,190,#db2a40
362,1158,2014,Police,Police/security,5,43,190,#db2a40
363,1159,2014,Police,Police/security,5,43,190,#db2a40
364,1160,2014,Police,Police/security,5,43,190,#db2a40
365,1161,2014,Police,Police/security,5,43,190,#db2a40
366,1162,2014,Police,Police/security,5,43,190,#db2a40
367,1163,2014,Police,Police/security,5,43,190,#db2a40
368,1164,2014,Police,Police/security,5,43,190,#db2a40
369,1165,2014,Police,Police/security,5,43,190,#db2a40
370,1166,2014,Police,Police/security,5,43,190,#db2a40
371,1167,2014,Police,Police/security,5,43,190,#db2a40
372,693,2014,Housing,Housing,5,56,56,#f29b35
373,694,2014,Housing,Housing,5,56,56,#f29b35
374,695,2014,Housing,Housing,5,56,56,#f29b35
375,696,2014,Housing,Housing,5,56,56,#f29b35
376,697,2014,Housing,Housing,5,56,56,#f29b35
377,698,2014,Housing,Housing,5,56,56,#f29b35
378,699,2014,Housing,Housing,5,56,56,#f29b35
379,700,2014,Housing,Housing,5,56,56,#f29b35
380,701,2014,Housing,Housing,5,56,56,#f29b35
381,702,2014,Housing,Housing,5,56,56,#f29b35
382,703,2014,Housing,Housing,5,56,56,#f29b35
383,704,2014,Housing,Housing,5,56,56,#f29b35
384,705,2014,Housing,Housing,5,56,56,#f29b35
385,706,2014,Housing,Housing,5,56,56,#f29b35
386,707,2014,Housing,Housing,5,56,56,#f29b35
387,708,2014,Housing,Housing,5,56,56,#f29b35
388,709,2014,Housing,Housing,5,56,56,#f29b35
389,710,2014,Housing,Housing,5,56,56,#f29b35
390,711,2014,Housing,Housing,5,56,56,#f29b35
391,712,2014,Housing,Housing,5,56,56,#f29b35
392,713,2014,Housing,Housing,5,56,56,#f29b35
393,714,2014,Housing,Housing,5,56,56,#f29b35
394,715,2014,Housing,Housing,5,56,56,#f29b35
395,716,2014,Housing,Housing,5,56,56,#f29b35
396,717,2014,Housing,Housing,5,56,56,#f29b35
397,718,2014,Housing,Housing,5,56,56,#f29b35
398,719,2014,Housing,Housing,5,56,56,#f29b35
399,720,2014,Housing,Housing,5,56,56,#f29b35
400,721,2014,Housing,Housing,5,56,56,#f29b35
401,722,2014,Housing,Housing,5,56,56,#f29b35
402,723,2014,Housing,Housing,5,56,56,#f29b35
403,724,2014,Housing,Housing,5,56,56,#f29b35
404,725,2014,Housing,Housing,5,56,56,#f29b35
405,726,2014,Housing,Housing,5,56,56,#f29b35
406,727,2014,Housing,Housing,5,56,56,#f29b35
407,728,2014,Housing,Housing,5,56,56,#f29b35
408,729,2014,Housing,Housing,5,56,56,#f29b35
409,730,2014,Housing,Housing,5,56,56,#f29b35
410,731,2014,Housing,Housing,5,56,56,#f29b35
411,732,2014,Housing,Housing,5,56,56,#f29b35
412,733,2014,Housing,Housing,5,56,56,#f29b35
413,734,2014,Housing,Housing,5,56,56,#f29b35
414,735,2014,Housing,Housing,5,56,56,#f29b35
415,736,2014,Housing,Housing,5,56,56,#f29b35
416,737,2014,Housing,Housing,5,56,56,#f29b35
417,738,2014,Housing,Housing,5,56,56,#f29b35
418,739,2014,Housing,Housing,5,56,56,#f29b35
419,740,2014,Housing,Housing,5,56,56,#f29b35
420,741,2014,Housing,Housing,5,56,56,#f29b35
421,742,2014,Housing,Housing,5,56,56,#f29b35
422,743,2014,Housing,Housing,5,56,56,#f29b35
423,744,2014,Housing,Housing,5,56,56,#f29b35
424,745,2014,Housing,Housing,5,56,56,#f29b35
425,746,2014,Housing,Housing,5,56,56,#f29b35
426,747,2014,Housing,Housing,5,56,56,#f29b35
427,748,2014,Housing,Housing,5,56,56,#f29b35
428,1576,2014,Education,Education,5,64,226,#1b79a5
429,1577,2014,Education,Education,5,64,226,#1b79a5
430,1578,2014,Education,Education,5,64,226,#1b79a5
431,1579,2014,Education,Education,5,64,226,#1b79a5
432,1580,2014,Education,Education,5,64,226,#1b79a5
433,1581,2014,Education,Education,5,64,226,#1b79a5
434,1582,2014,Education,Education,5,64,226,#1b79a5
435,1583,2014,Education,Education,5,64,226,#1b79a5
436,1584,2014,Education,Education,5,64,226,#1b79a5
437,1585,2014,Education,Education,5,64,226,#1b79a5
438,1586,2014,Education,Education,5,64,226,#1b79a5
439,1587,2014,Education,Education,5,64,226,#1b79a5
440,1588,2014,Education,Education,5,64,226,#1b79a5
441,1589,2014,Education,Education,5,64,226,#1b79a5
442,1590,2014,Education,Education,5,64,226,#1b79a5
443,1591,2014,Education,Education,5,64,226,#1b79a5
444,1592,2014,Education,Education,5,64,226,#1b79a5
445,1593,2014,Education,Education,5,64,226,#1b79a5
446,1594,2014,Education,Education,5,64,226,#1b79a5
447,1595,2014,Education,Education,5,64,226,#1b79a5
448,1596,2014,Education,Education,5,64,226,#1b79a5
449,1597,2014,Education,Education,5,64,226,#1b79a5
450,1598,2014,Education,Education,5,64,226,#1b79a5
451,1599,2014,Education,Education,5,64,226,#1b79a5
452,1600,2014,Education,Education,5,64,226,#1b79a5
453,1601,2014,Education,Education,5,64,226,#1b79a5
454,1602,2014,Education,Education,5,64,226,#1b79a5
455,1603,2014,Education,Education,5,64,226,#1b79a5
456,1604,2014,Education,Education,5,64,226,#1b79a5
457,1605,2014,Education,Education,5,64,226,#1b79a5
458,1606,2014,Education,Education,5,64,226,#1b79a5
459,1607,2014,Education,Education,5,64,226,#1b79a5
460,1608,2014,Education,Education,5,64,226,#1b79a5
461,1609,2014,Education,Education,5,64,226,#1b79a5
462,1610,2014,Education,Education,5,64,226,#1b79a5
463,1611,2014,Education,Education,5,64,226,#1b79a5
464,1612,2014,Education,Education,5,64,226,#1b79a5
465,1613,2014,Education,Education,5,64,226,#1b79a5
466,1614,2014,Education,Education,5,64,226,#1b79a5
467,1615,2014,Education,Education,5,64,226,#1b79a5
468,1616,2014,Education,Education,5,64,226,#1b79a5
469,1617,2014,Education,Education,5,64,226,#1b79a5
470,1618,2014,Education,Education,5,64,226,#1b79a5
471,1619,2014,Education,Education,5,64,226,#1b79a5
472,1620,2014,Education,Education,5,64,226,#1b79a5
473,1621,2014,Education,Education,5,64,226,#1b79a5
474,1622,2014,Education,Education,5,64,226,#1b79a5
475,1623,2014,Education,Education,5,64,226,#1b79a5
476,1624,2014,Education,Education,5,64,226,#1b79a5
477,1625,2014,Education,Education,5,64,226,#1b79a5
478,1626,2014,Education,Education,5,64,226,#1b79a5
479,1627,2014,Education,Education,5,64,226,#1b79a5
480,1628,2014,Education,Education,5,64,226,#1b79a5
481,1629,2014,Education,Education,5,64,226,#1b79a5
482,1630,2014,Education,Education,5,64,226,#1b79a5
483,1631,2014,Education,Education,5,64,226,#1b79a5
484,1632,2014,Education,Education,5,64,226,#1b79a5
485,1633,2014,Education,Education,5,64,226,#1b79a5
486,1634,2014,Education,Education,5,64,226,#1b79a5
487,1635,2014,Education,Education,5,64,226,#1b79a5
488,1636,2014,Education,Education,5,64,226,#1b79a5
489,1637,2014,Education,Education,5,64,226,#1b79a5
490,1638,2014,Education,Education,5,64,226,#1b79a5
491,1639,2014,Education,Education,5,64,226,#1b79a5
492,1746,2015,yearblank,yearblank,0,0,0,#ffffff
493,1747,2015,yearblank,yearblank,0,0,99999,#ffffff
494,834,2015,Homelessness,Housing,5,18,79,#f3bf30
495,835,2015,Homelessness,Housing,5,18,79,#f3bf30
496,836,2015,Homelessness,Housing,5,18,79,#f3bf30
497,837,2015,Homelessness,Housing,5,18,79,#f3bf30
498,838,2015,Homelessness,Housing,5,18,79,#f3bf30
499,839,2015,Homelessness,Housing,5,18,79,#f3bf30
500,840,2015,Homelessness,Housing,5,18,79,#f3bf30
501,841,2015,Homelessness,Housing,5,18,79,#f3bf30
502,842,2015,Homelessness,Housing,5,18,79,#f3bf30
503,843,2015,Homelessness,Housing,5,18,79,#f3bf30
504,844,2015,Homelessness,Housing,5,18,79,#f3bf30
505,845,2015,Homelessness,Housing,5,18,79,#f3bf30
506,846,2015,Homelessness,Housing,5,18,79,#f3bf30
507,847,2015,Homelessness,Housing,5,18,79,#f3bf30
508,848,2015,Homelessness,Housing,5,18,79,#f3bf30
509,849,2015,Homelessness,Housing,5,18,79,#f3bf30
510,850,2015,Homelessness,Housing,5,18,79,#f3bf30
511,851,2015,Homelessness,Housing,5,18,79,#f3bf30
512,777,2015,Real Estate,Housing,5,52,76,#dbca4b
513,778,2015,Real Estate,Housing,5,52,76,#dbca4b
514,779,2015,Real Estate,Housing,5,52,76,#dbca4b
515,780,2015,Real Estate,Housing,5,52,76,#dbca4b
516,781,2015,Real Estate,Housing,5,52,76,#dbca4b
517,782,2015,Real Estate,Housing,5,52,76,#dbca4b
518,783,2015,Real Estate,Housing,5,52,76,#dbca4b
519,784,2015,Real Estate,Housing,5,52,76,#dbca4b
520,785,2015,Real Estate,Housing,5,52,76,#dbca4b
521,786,2015,Real Estate,Housing,5,52,76,#dbca4b
522,787,2015,Real Estate,Housing,5,52,76,#dbca4b
523,788,2015,Real Estate,Housing,5,52,76,#dbca4b
524,789,2015,Real Estate,Housing,5,52,76,#dbca4b
525,790,2015,Real Estate,Housing,5,52,76,#dbca4b
526,791,2015,Real Estate,Housing,5,52,76,#dbca4b
527,792,2015,Real Estate,Housing,5,52,76,#dbca4b
528,793,2015,Real Estate,Housing,5,52,76,#dbca4b
529,794,2015,Real Estate,Housing,5,52,76,#dbca4b
530,795,2015,Real Estate,Housing,5,52,76,#dbca4b
531,796,2015,Real Estate,Housing,5,52,76,#dbca4b
532,797,2015,Real Estate,Housing,5,52,76,#dbca4b
533,798,2015,Real Estate,Housing,5,52,76,#dbca4b
534,799,2015,Real Estate,Housing,5,52,76,#dbca4b
535,800,2015,Real Estate,Housing,5,52,76,#dbca4b
536,801,2015,Real Estate,Housing,5,52,76,#dbca4b
537,802,2015,Real Estate,Housing,5,52,76,#dbca4b
538,803,2015,Real Estate,Housing,5,52,76,#dbca4b
539,804,2015,Real Estate,Housing,5,52,76,#dbca4b
540,805,2015,Real Estate,Housing,5,52,76,#dbca4b
541,806,2015,Real Estate,Housing,5,52,76,#dbca4b
542,807,2015,Real Estate,Housing,5,52,76,#dbca4b
543,808,2015,Real Estate,Housing,5,52,76,#dbca4b
544,809,2015,Real Estate,Housing,5,52,76,#dbca4b
545,810,2015,Real Estate,Housing,5,52,76,#dbca4b
546,811,2015,Real Estate,Housing,5,52,76,#dbca4b
547,812,2015,Real Estate,Housing,5,52,76,#dbca4b
548,813,2015,Real Estate,Housing,5,52,76,#dbca4b
549,814,2015,Real Estate,Housing,5,52,76,#dbca4b
550,815,2015,Real Estate,Housing,5,52,76,#dbca4b
551,816,2015,Real Estate,Housing,5,52,76,#dbca4b
552,817,2015,Real Estate,Housing,5,52,76,#dbca4b
553,818,2015,Real Estate,Housing,5,52,76,#dbca4b
554,819,2015,Real Estate,Housing,5,52,76,#dbca4b
555,820,2015,Real Estate,Housing,5,52,76,#dbca4b
556,821,2015,Real Estate,Housing,5,52,76,#dbca4b
557,822,2015,Real Estate,Housing,5,52,76,#dbca4b
558,823,2015,Real Estate,Housing,5,52,76,#dbca4b
559,824,2015,Real Estate,Housing,5,52,76,#dbca4b
560,825,2015,Real Estate,Housing,5,52,76,#dbca4b
561,826,2015,Real Estate,Housing,5,52,76,#dbca4b
562,827,2015,Real Estate,Housing,5,52,76,#dbca4b
563,828,2015,Real Estate,Housing,5,52,76,#dbca4b
564,1640,2015,Education,Education,5,53,226,#1b79a5
565,1641,2015,Education,Education,5,53,226,#1b79a5
566,1642,2015,Education,Education,5,53,226,#1b79a5
567,1643,2015,Education,Education,5,53,226,#1b79a5
568,1644,2015,Education,Education,5,53,226,#1b79a5
569,1645,2015,Education,Education,5,53,226,#1b79a5
570,1646,2015,Education,Education,5,53,226,#1b79a5
571,1647,2015,Education,Education,5,53,226,#1b79a5
572,1648,2015,Education,Education,5,53,226,#1b79a5
573,1649,2015,Education,Education,5,53,226,#1b79a5
574,1650,2015,Education,Education,5,53,226,#1b79a5
575,1651,2015,Education,Education,5,53,226,#1b79a5
576,1652,2015,Education,Education,5,53,226,#1b79a5
577,1653,2015,Education,Education,5,53,226,#1b79a5
578,1654,2015,Education,Education,5,53,226,#1b79a5
579,1655,2015,Education,Education,5,53,226,#1b79a5
580,1656,2015,Education,Education,5,53,226,#1b79a5
581,1657,2015,Education,Education,5,53,226,#1b79a5
582,1658,2015,Education,Education,5,53,226,#1b79a5
583,1659,2015,Education,Education,5,53,226,#1b79a5
584,1660,2015,Education,Education,5,53,226,#1b79a5
585,1661,2015,Education,Education,5,53,226,#1b79a5
586,1662,2015,Education,Education,5,53,226,#1b79a5
587,1663,2015,Education,Education,5,53,226,#1b79a5
588,1664,2015,Education,Education,5,53,226,#1b79a5
589,1665,2015,Education,Education,5,53,226,#1b79a5
590,1666,2015,Education,Education,5,53,226,#1b79a5
591,1667,2015,Education,Education,5,53,226,#1b79a5
592,1668,2015,Education,Education,5,53,226,#1b79a5
593,1669,2015,Education,Education,5,53,226,#1b79a5
594,1670,2015,Education,Education,5,53,226,#1b79a5
595,1671,2015,Education,Education,5,53,226,#1b79a5
596,1672,2015,Education,Education,5,53,226,#1b79a5
597,1673,2015,Education,Education,5,53,226,#1b79a5
598,1674,2015,Education,Education,5,53,226,#1b79a5
599,1675,2015,Education,Education,5,53,226,#1b79a5
600,1676,2015,Education,Education,5,53,226,#1b79a5
601,1677,2015,Education,Education,5,53,226,#1b79a5
602,1678,2015,Education,Education,5,53,226,#1b79a5
603,1679,2015,Education,Education,5,53,226,#1b79a5
604,1680,2015,Education,Education,5,53,226,#1b79a5
605,1681,2015,Education,Education,5,53,226,#1b79a5
606,1682,2015,Education,Education,5,53,226,#1b79a5
607,1683,2015,Education,Education,5,53,226,#1b79a5
608,1684,2015,Education,Education,5,53,226,#1b79a5
609,1685,2015,Education,Education,5,53,226,#1b79a5
610,1686,2015,Education,Education,5,53,226,#1b79a5
611,1687,2015,Education,Education,5,53,226,#1b79a5
612,1688,2015,Education,Education,5,53,226,#1b79a5
613,1689,2015,Education,Education,5,53,226,#1b79a5
614,1690,2015,Education,Education,5,53,226,#1b79a5
615,1691,2015,Education,Education,5,53,226,#1b79a5
616,1692,2015,Education,Education,5,53,226,#1b79a5
617,1168,2015,Police,Police/security,5,67,190,#db2a40
618,1169,2015,Police,Police/security,5,67,190,#db2a40
619,1170,2015,Police,Police/security,5,67,190,#db2a40
620,1171,2015,Police,Police/security,5,67,190,#db2a40
621,1172,2015,Police,Police/security,5,67,190,#db2a40
622,1173,2015,Police,Police/security,5,67,190,#db2a40
623,1174,2015,Police,Police/security,5,67,190,#db2a40
624,1175,2015,Police,Police/security,5,67,190,#db2a40
625,1176,2015,Police,Police/security,5,67,190,#db2a40
626,1177,2015,Police,Police/security,5,67,190,#db2a40
627,1178,2015,Police,Police/security,5,67,190,#db2a40
628,1179,2015,Police,Police/security,5,67,190,#db2a40
629,1180,2015,Police,Police/security,5,67,190,#db2a40
630,1181,2015,Police,Police/security,5,67,190,#db2a40
631,1182,2015,Police,Police/security,5,67,190,#db2a40
632,1183,2015,Police,Police/security,5,67,190,#db2a40
633,1184,2015,Police,Police/security,5,67,190,#db2a40
634,1185,2015,Police,Police/security,5,67,190,#db2a40
635,1186,2015,Police,Police/security,5,67,190,#db2a40
636,1187,2015,Police,Police/security,5,67,190,#db2a40
637,1188,2015,Police,Police/security,5,67,190,#db2a40
638,1189,2015,Police,Police/security,5,67,190,#db2a40
639,1190,2015,Police,Police/security,5,67,190,#db2a40
640,1191,2015,Police,Police/security,5,67,190,#db2a40
641,1192,2015,Police,Police/security,5,67,190,#db2a40
642,1193,2015,Police,Police/security,5,67,190,#db2a40
643,1194,2015,Police,Police/security,5,67,190,#db2a40
644,1195,2015,Police,Police/security,5,67,190,#db2a40
645,1196,2015,Police,Police/security,5,67,190,#db2a40
646,1197,2015,Police,Police/security,5,67,190,#db2a40
647,1198,2015,Police,Police/security,5,67,190,#db2a40
648,1199,2015,Police,Police/security,5,67,190,#db2a40
649,1200,2015,Police,Police/security,5,67,190,#db2a40
650,1201,2015,Police,Police/security,5,67,190,#db2a40
651,1202,2015,Police,Police/security,5,67,190,#db2a40
652,1203,2015,Police,Police/security,5,67,190,#db2a40
653,1204,2015,Police,Police/security,5,67,190,#db2a40
654,1205,2015,Police,Police/security,5,67,190,#db2a40
655,1206,2015,Police,Police/security,5,67,190,#db2a40
656,1207,2015,Police,Police/security,5,67,190,#db2a40
657,1208,2015,Police,Police/security,5,67,190,#db2a40
658,1209,2015,Police,Police/security,5,67,190,#db2a40
659,1210,2015,Police,Police/security,5,67,190,#db2a40
660,1211,2015,Police,Police/security,5,67,190,#db2a40
661,1212,2015,Police,Police/security,5,67,190,#db2a40
662,1213,2015,Police,Police/security,5,67,190,#db2a40
663,1214,2015,Police,Police/security,5,67,190,#db2a40
664,1215,2015,Police,Police/security,5,67,190,#db2a40
665,1216,2015,Police,Police/security,5,67,190,#db2a40
666,1217,2015,Police,Police/security,5,67,190,#db2a40
667,1218,2015,Police,Police/security,5,67,190,#db2a40
668,1219,2015,Police,Police/security,5,67,190,#db2a40
669,1220,2015,Police,Police/security,5,67,190,#db2a40
670,1221,2015,Police,Police/security,5,67,190,#db2a40
671,1222,2015,Police,Police/security,5,67,190,#db2a40
672,1223,2015,Police,Police/security,5,67,190,#db2a40
673,1224,2015,Police,Police/security,5,67,190,#db2a40
674,1225,2015,Police,Police/security,5,67,190,#db2a40
675,1226,2015,Police,Police/security,5,67,190,#db2a40
676,1227,2015,Police,Police/security,5,67,190,#db2a40
677,1228,2015,Police,Police/security,5,67,190,#db2a40
678,1229,2015,Police,Police/security,5,67,190,#db2a40
679,1230,2015,Police,Police/security,5,67,190,#db2a40
680,1231,2015,Police,Police/security,5,67,190,#db2a40
681,1232,2015,Police,Police/security,5,67,190,#db2a40
682,1233,2015,Police,Police/security,5,67,190,#db2a40
683,1234,2015,Police,Police/security,5,67,190,#db2a40
684,1748,2016,yearblank,yearblank,0,0,0,#ffffff
685,1749,2016,yearblank,yearblank,0,0,99999,#ffffff
686,56,2016,Voting,Election,5,9,9,#b23b82
687,57,2016,Voting,Election,5,9,9,#b23b82
688,58,2016,Voting,Election,5,9,9,#b23b82
689,59,2016,Voting,Election,5,9,9,#b23b82
690,60,2016,Voting,Election,5,9,9,#b23b82
691,61,2016,Voting,Election,5,9,9,#b23b82
692,62,2016,Voting,Election,5,9,9,#b23b82
693,63,2016,Voting,Election,5,9,9,#b23b82
694,64,2016,Voting,Election,5,9,9,#b23b82
695,125,2016,Minimum Wage,Labor/business,5,19,19,#e26f54
696,126,2016,Minimum Wage,Labor/business,5,19,19,#e26f54
697,127,2016,Minimum Wage,Labor/business,5,19,19,#e26f54
698,128,2016,Minimum Wage,Labor/business,5,19,19,#e26f54
699,129,2016,Minimum Wage,Labor/business,5,19,19,#e26f54
700,130,2016,Minimum Wage,Labor/business,5,19,19,#e26f54
701,131,2016,Minimum Wage,Labor/business,5,19,19,#e26f54
702,132,2016,Minimum Wage,Labor/business,5,19,19,#e26f54
703,133,2016,Minimum Wage,Labor/business,5,19,19,#e26f54
704,134,2016,Minimum Wage,Labor/business,5,19,19,#e26f54
705,135,2016,Minimum Wage,Labor/business,5,19,19,#e26f54
706,136,2016,Minimum Wage,Labor/business,5,19,19,#e26f54
707,137,2016,Minimum Wage,Labor/business,5,19,19,#e26f54
708,138,2016,Minimum Wage,Labor/business,5,19,19,#e26f54
709,139,2016,Minimum Wage,Labor/business,5,19,19,#e26f54
710,140,2016,Minimum Wage,Labor/business,5,19,19,#e26f54
711,141,2016,Minimum Wage,Labor/business,5,19,19,#e26f54
712,142,2016,Minimum Wage,Labor/business,5,19,19,#e26f54
713,143,2016,Minimum Wage,Labor/business,5,19,19,#e26f54
714,852,2016,Homelessness,Housing,5,28,79,#f3bf30
715,853,2016,Homelessness,Housing,5,28,79,#f3bf30
716,854,2016,Homelessness,Housing,5,28,79,#f3bf30
717,855,2016,Homelessness,Housing,5,28,79,#f3bf30
718,856,2016,Homelessness,Housing,5,28,79,#f3bf30
719,857,2016,Homelessness,Housing,5,28,79,#f3bf30
720,858,2016,Homelessness,Housing,5,28,79,#f3bf30
721,859,2016,Homelessness,Housing,5,28,79,#f3bf30
722,860,2016,Homelessness,Housing,5,28,79,#f3bf30
723,861,2016,Homelessness,Housing,5,28,79,#f3bf30
724,862,2016,Homelessness,Housing,5,28,79,#f3bf30
725,863,2016,Homelessness,Housing,5,28,79,#f3bf30
726,864,2016,Homelessness,Housing,5,28,79,#f3bf30
727,865,2016,Homelessness,Housing,5,28,79,#f3bf30
728,866,2016,Homelessness,Housing,5,28,79,#f3bf30
729,867,2016,Homelessness,Housing,5,28,79,#f3bf30
730,868,2016,Homelessness,Housing,5,28,79,#f3bf30
731,869,2016,Homelessness,Housing,5,28,79,#f3bf30
732,870,2016,Homelessness,Housing,5,28,79,#f3bf30
733,871,2016,Homelessness,Housing,5,28,79,#f3bf30
734,872,2016,Homelessness,Housing,5,28,79,#f3bf30
735,873,2016,Homelessness,Housing,5,28,79,#f3bf30
736,874,2016,Homelessness,Housing,5,28,79,#f3bf30
737,875,2016,Homelessness,Housing,5,28,79,#f3bf30
738,876,2016,Homelessness,Housing,5,28,79,#f3bf30
739,877,2016,Homelessness,Housing,5,28,79,#f3bf30
740,878,2016,Homelessness,Housing,5,28,79,#f3bf30
741,879,2016,Homelessness,Housing,5,28,79,#f3bf30
742,1235,2016,Police,Police/security,5,47,190,#db2a40
743,1236,2016,Police,Police/security,5,47,190,#db2a40
744,1237,2016,Police,Police/security,5,47,190,#db2a40
745,1238,2016,Police,Police/security,5,47,190,#db2a40
746,1239,2016,Police,Police/security,5,47,190,#db2a40
747,1240,2016,Police,Police/security,5,47,190,#db2a40
748,1241,2016,Police,Police/security,5,47,190,#db2a40
749,1242,2016,Police,Police/security,5,47,190,#db2a40
750,1243,2016,Police,Police/security,5,47,190,#db2a40
751,1244,2016,Police,Police/security,5,47,190,#db2a40
752,1245,2016,Police,Police/security,5,47,190,#db2a40
753,1246,2016,Police,Police/security,5,47,190,#db2a40
754,1247,2016,Police,Police/security,5,47,190,#db2a40
755,1248,2016,Police,Police/security,5,47,190,#db2a40
756,1249,2016,Police,Police/security,5,47,190,#db2a40
757,1250,2016,Police,Police/security,5,47,190,#db2a40
758,1251,2016,Police,Police/security,5,47,190,#db2a40
759,1252,2016,Police,Police/security,5,47,190,#db2a40
760,1253,2016,Police,Police/security,5,47,190,#db2a40
761,1254,2016,Police,Police/security,5,47,190,#db2a40
762,1255,2016,Police,Police/security,5,47,190,#db2a40
763,1256,2016,Police,Police/security,5,47,190,#db2a40
764,1257,2016,Police,Police/security,5,47,190,#db2a40
765,1258,2016,Police,Police/security,5,47,190,#db2a40
766,1259,2016,Police,Police/security,5,47,190,#db2a40
767,1260,2016,Police,Police/security,5,47,190,#db2a40
768,1261,2016,Police,Police/security,5,47,190,#db2a40
769,1262,2016,Police,Police/security,5,47,190,#db2a40
770,1263,2016,Police,Police/security,5,47,190,#db2a40
771,1264,2016,Police,Police/security,5,47,190,#db2a40
772,1265,2016,Police,Police/security,5,47,190,#db2a40
773,1266,2016,Police,Police/security,5,47,190,#db2a40
774,1267,2016,Police,Police/security,5,47,190,#db2a40
775,1268,2016,Police,Police/security,5,47,190,#db2a40
776,1269,2016,Police,Police/security,5,47,190,#db2a40
777,1270,2016,Police,Police/security,5,47,190,#db2a40
778,1271,2016,Police,Police/security,5,47,190,#db2a40
779,1272,2016,Police,Police/security,5,47,190,#db2a40
780,1273,2016,Police,Police/security,5,47,190,#db2a40
781,1274,2016,Police,Police/security,5,47,190,#db2a40
782,1275,2016,Police,Police/security,5,47,190,#db2a40
783,1276,2016,Police,Police/security,5,47,190,#db2a40
784,1277,2016,Police,Police/security,5,47,190,#db2a40
785,1278,2016,Police,Police/security,5,47,190,#db2a40
786,1279,2016,Police,Police/security,5,47,190,#db2a40
787,1280,2016,Police,Police/security,5,47,190,#db2a40
788,1281,2016,Police,Police/security,5,47,190,#db2a40
789,534,2016,Affordable Housing,Housing,5,48,48,#e8a328
790,535,2016,Affordable Housing,Housing,5,48,48,#e8a328
791,536,2016,Affordable Housing,Housing,5,48,48,#e8a328
792,537,2016,Affordable Housing,Housing,5,48,48,#e8a328
793,538,2016,Affordable Housing,Housing,5,48,48,#e8a328
794,539,2016,Affordable Housing,Housing,5,48,48,#e8a328
795,540,2016,Affordable Housing,Housing,5,48,48,#e8a328
796,541,2016,Affordable Housing,Housing,5,48,48,#e8a328
797,542,2016,Affordable Housing,Housing,5,48,48,#e8a328
798,543,2016,Affordable Housing,Housing,5,48,48,#e8a328
799,544,2016,Affordable Housing,Housing,5,48,48,#e8a328
800,545,2016,Affordable Housing,Housing,5,48,48,#e8a328
801,546,2016,Affordable Housing,Housing,5,48,48,#e8a328
802,547,2016,Affordable Housing,Housing,5,48,48,#e8a328
803,548,2016,Affordable Housing,Housing,5,48,48,#e8a328
804,549,2016,Affordable Housing,Housing,5,48,48,#e8a328
805,550,2016,Affordable Housing,Housing,5,48,48,#e8a328
806,551,2016,Affordable Housing,Housing,5,48,48,#e8a328
807,552,2016,Affordable Housing,Housing,5,48,48,#e8a328
808,553,2016,Affordable Housing,Housing,5,48,48,#e8a328
809,554,2016,Affordable Housing,Housing,5,48,48,#e8a328
810,555,2016,Affordable Housing,Housing,5,48,48,#e8a328
811,556,2016,Affordable Housing,Housing,5,48,48,#e8a328
812,557,2016,Affordable Housing,Housing,5,48,48,#e8a328
813,558,2016,Affordable Housing,Housing,5,48,48,#e8a328
814,559,2016,Affordable Housing,Housing,5,48,48,#e8a328
815,560,2016,Affordable Housing,Housing,5,48,48,#e8a328
816,561,2016,Affordable Housing,Housing,5,48,48,#e8a328
817,562,2016,Affordable Housing,Housing,5,48,48,#e8a328
818,563,2016,Affordable Housing,Housing,5,48,48,#e8a328
819,564,2016,Affordable Housing,Housing,5,48,48,#e8a328
820,565,2016,Affordable Housing,Housing,5,48,48,#e8a328
821,566,2016,Affordable Housing,Housing,5,48,48,#e8a328
822,567,2016,Affordable Housing,Housing,5,48,48,#e8a328
823,568,2016,Affordable Housing,Housing,5,48,48,#e8a328
824,569,2016,Affordable Housing,Housing,5,48,48,#e8a328
825,570,2016,Affordable Housing,Housing,5,48,48,#e8a328
826,571,2016,Affordable Housing,Housing,5,48,48,#e8a328
827,572,2016,Affordable Housing,Housing,5,48,48,#e8a328
828,573,2016,Affordable Housing,Housing,5,48,48,#e8a328
829,574,2016,Affordable Housing,Housing,5,48,48,#e8a328
830,575,2016,Affordable Housing,Housing,5,48,48,#e8a328
831,576,2016,Affordable Housing,Housing,5,48,48,#e8a328
832,577,2016,Affordable Housing,Housing,5,48,48,#e8a328
833,578,2016,Affordable Housing,Housing,5,48,48,#e8a328
834,579,2016,Affordable Housing,Housing,5,48,48,#e8a328
835,580,2016,Affordable Housing,Housing,5,48,48,#e8a328
836,581,2016,Affordable Housing,Housing,5,48,48,#e8a328
837,1750,2017,yearblank,yearblank,0,0,0,#ffffff
838,1751,2017,yearblank,yearblank,0,0,99999,#ffffff
839,86,2017,Environment,Environment,5,14,14,#567f3b
840,87,2017,Environment,Environment,5,14,14,#567f3b
841,88,2017,Environment,Environment,5,14,14,#567f3b
842,89,2017,Environment,Environment,5,14,14,#567f3b
843,90,2017,Environment,Environment,5,14,14,#567f3b
844,91,2017,Environment,Environment,5,14,14,#567f3b
845,92,2017,Environment,Environment,5,14,14,#567f3b
846,93,2017,Environment,Environment,5,14,14,#567f3b
847,94,2017,Environment,Environment,5,14,14,#567f3b
848,95,2017,Environment,Environment,5,14,14,#567f3b
849,96,2017,Environment,Environment,5,14,14,#567f3b
850,97,2017,Environment,Environment,5,14,14,#567f3b
851,98,2017,Environment,Environment,5,14,14,#567f3b
852,99,2017,Environment,Environment,5,14,14,#567f3b
853,1693,2017,Education,Education,5,19,226,#1b79a5
854,1694,2017,Education,Education,5,19,226,#1b79a5
855,1695,2017,Education,Education,5,19,226,#1b79a5
856,1696,2017,Education,Education,5,19,226,#1b79a5
857,1697,2017,Education,Education,5,19,226,#1b79a5
858,1698,2017,Education,Education,5,19,226,#1b79a5
859,1699,2017,Education,Education,5,19,226,#1b79a5
860,1700,2017,Education,Education,5,19,226,#1b79a5
861,1701,2017,Education,Education,5,19,226,#1b79a5
862,1702,2017,Education,Education,5,19,226,#1b79a5
863,1703,2017,Education,Education,5,19,226,#1b79a5
864,1704,2017,Education,Education,5,19,226,#1b79a5
865,1705,2017,Education,Education,5,19,226,#1b79a5
866,1706,2017,Education,Education,5,19,226,#1b79a5
867,1707,2017,Education,Education,5,19,226,#1b79a5
868,1708,2017,Education,Education,5,19,226,#1b79a5
869,1709,2017,Education,Education,5,19,226,#1b79a5
870,1710,2017,Education,Education,5,19,226,#1b79a5
871,1711,2017,Education,Education,5,19,226,#1b79a5
872,1488,2017,Election,Election,5,24,194,#910a58
873,1489,2017,Election,Election,5,24,194,#910a58
874,1490,2017,Election,Election,5,24,194,#910a58
875,1491,2017,Election,Election,5,24,194,#910a58
876,1492,2017,Election,Election,5,24,194,#910a58
877,1493,2017,Election,Election,5,24,194,#910a58
878,1494,2017,Election,Election,5,24,194,#910a58
879,1495,2017,Election,Election,5,24,194,#910a58
880,1496,2017,Election,Election,5,24,194,#910a58
881,1497,2017,Election,Election,5,24,194,#910a58
882,1498,2017,Election,Election,5,24,194,#910a58
883,1499,2017,Election,Election,5,24,194,#910a58
884,1500,2017,Election,Election,5,24,194,#910a58
885,1501,2017,Election,Election,5,24,194,#910a58
886,1502,2017,Election,Election,5,24,194,#910a58
887,1503,2017,Election,Election,5,24,194,#910a58
888,1504,2017,Election,Election,5,24,194,#910a58
889,1505,2017,Election,Election,5,24,194,#910a58
890,1506,2017,Election,Election,5,24,194,#910a58
891,1507,2017,Election,Election,5,24,194,#910a58
892,1508,2017,Election,Election,5,24,194,#910a58
893,1509,2017,Election,Election,5,24,194,#910a58
894,1510,2017,Election,Election,5,24,194,#910a58
895,1511,2017,Election,Election,5,24,194,#910a58
896,880,2017,Homelessness,Housing,5,33,79,#f3bf30
897,881,2017,Homelessness,Housing,5,33,79,#f3bf30
898,882,2017,Homelessness,Housing,5,33,79,#f3bf30
899,883,2017,Homelessness,Housing,5,33,79,#f3bf30
900,884,2017,Homelessness,Housing,5,33,79,#f3bf30
901,885,2017,Homelessness,Housing,5,33,79,#f3bf30
902,886,2017,Homelessness,Housing,5,33,79,#f3bf30
903,887,2017,Homelessness,Housing,5,33,79,#f3bf30
904,888,2017,Homelessness,Housing,5,33,79,#f3bf30
905,889,2017,Homelessness,Housing,5,33,79,#f3bf30
906,890,2017,Homelessness,Housing,5,33,79,#f3bf30
907,891,2017,Homelessness,Housing,5,33,79,#f3bf30
908,892,2017,Homelessness,Housing,5,33,79,#f3bf30
909,893,2017,Homelessness,Housing,5,33,79,#f3bf30
910,894,2017,Homelessness,Housing,5,33,79,#f3bf30
911,895,2017,Homelessness,Housing,5,33,79,#f3bf30
912,896,2017,Homelessness,Housing,5,33,79,#f3bf30
913,897,2017,Homelessness,Housing,5,33,79,#f3bf30
914,898,2017,Homelessness,Housing,5,33,79,#f3bf30
915,899,2017,Homelessness,Housing,5,33,79,#f3bf30
916,900,2017,Homelessness,Housing,5,33,79,#f3bf30
917,901,2017,Homelessness,Housing,5,33,79,#f3bf30
918,902,2017,Homelessness,Housing,5,33,79,#f3bf30
919,903,2017,Homelessness,Housing,5,33,79,#f3bf30
920,904,2017,Homelessness,Housing,5,33,79,#f3bf30
921,905,2017,Homelessness,Housing,5,33,79,#f3bf30
922,906,2017,Homelessness,Housing,5,33,79,#f3bf30
923,907,2017,Homelessness,Housing,5,33,79,#f3bf30
924,908,2017,Homelessness,Housing,5,33,79,#f3bf30
925,909,2017,Homelessness,Housing,5,33,79,#f3bf30
926,910,2017,Homelessness,Housing,5,33,79,#f3bf30
927,911,2017,Homelessness,Housing,5,33,79,#f3bf30
928,912,2017,Homelessness,Housing,5,33,79,#f3bf30
929,211,2017,Rikers Spying Investigation,Police/security,5,33,33,#aa1515
930,212,2017,Rikers Spying Investigation,Police/security,5,33,33,#aa1515
931,213,2017,Rikers Spying Investigation,Police/security,5,33,33,#aa1515
932,214,2017,Rikers Spying Investigation,Police/security,5,33,33,#aa1515
933,215,2017,Rikers Spying Investigation,Police/security,5,33,33,#aa1515
934,216,2017,Rikers Spying Investigation,Police/security,5,33,33,#aa1515
935,217,2017,Rikers Spying Investigation,Police/security,5,33,33,#aa1515
936,218,2017,Rikers Spying Investigation,Police/security,5,33,33,#aa1515
937,219,2017,Rikers Spying Investigation,Police/security,5,33,33,#aa1515
938,220,2017,Rikers Spying Investigation,Police/security,5,33,33,#aa1515
939,221,2017,Rikers Spying Investigation,Police/security,5,33,33,#aa1515
940,222,2017,Rikers Spying Investigation,Police/security,5,33,33,#aa1515
941,223,2017,Rikers Spying Investigation,Police/security,5,33,33,#aa1515
942,224,2017,Rikers Spying Investigation,Police/security,5,33,33,#aa1515
943,225,2017,Rikers Spying Investigation,Police/security,5,33,33,#aa1515
944,226,2017,Rikers Spying Investigation,Police/security,5,33,33,#aa1515
945,227,2017,Rikers Spying Investigation,Police/security,5,33,33,#aa1515
946,228,2017,Rikers Spying Investigation,Police/security,5,33,33,#aa1515
947,229,2017,Rikers Spying Investigation,Police/security,5,33,33,#aa1515
948,230,2017,Rikers Spying Investigation,Police/security,5,33,33,#aa1515
949,231,2017,Rikers Spying Investigation,Police/security,5,33,33,#aa1515
950,232,2017,Rikers Spying Investigation,Police/security,5,33,33,#aa1515
951,233,2017,Rikers Spying Investigation,Police/security,5,33,33,#aa1515
952,234,2017,Rikers Spying Investigation,Police/security,5,33,33,#aa1515
953,235,2017,Rikers Spying Investigation,Police/security,5,33,33,#aa1515
954,236,2017,Rikers Spying Investigation,Police/security,5,33,33,#aa1515
955,237,2017,Rikers Spying Investigation,Police/security,5,33,33,#aa1515
956,238,2017,Rikers Spying Investigation,Police/security,5,33,33,#aa1515
957,239,2017,Rikers Spying Investigation,Police/security,5,33,33,#aa1515
958,240,2017,Rikers Spying Investigation,Police/security,5,33,33,#aa1515
959,241,2017,Rikers Spying Investigation,Police/security,5,33,33,#aa1515
960,242,2017,Rikers Spying Investigation,Police/security,5,33,33,#aa1515
961,243,2017,Rikers Spying Investigation,Police/security,5,33,33,#aa1515
962,1029,2017,NYC Transit,Transportation,5,54,117,#777777
963,1030,2017,NYC Transit,Transportation,5,54,117,#777777
964,1031,2017,NYC Transit,Transportation,5,54,117,#777777
965,1032,2017,NYC Transit,Transportation,5,54,117,#777777
966,1033,2017,NYC Transit,Transportation,5,54,117,#777777
967,1034,2017,NYC Transit,Transportation,5,54,117,#777777
968,1035,2017,NYC Transit,Transportation,5,54,117,#777777
969,1036,2017,NYC Transit,Transportation,5,54,117,#777777
970,1037,2017,NYC Transit,Transportation,5,54,117,#777777
971,1038,2017,NYC Transit,Transportation,5,54,117,#777777
972,1039,2017,NYC Transit,Transportation,5,54,117,#777777
973,1040,2017,NYC Transit,Transportation,5,54,117,#777777
974,1041,2017,NYC Transit,Transportation,5,54,117,#777777
975,1042,2017,NYC Transit,Transportation,5,54,117,#777777
976,1043,2017,NYC Transit,Transportation,5,54,117,#777777
977,1044,2017,NYC Transit,Transportation,5,54,117,#777777
978,1045,2017,NYC Transit,Transportation,5,54,117,#777777
979,1046,2017,NYC Transit,Transportation,5,54,117,#777777
980,1047,2017,NYC Transit,Transportation,5,54,117,#777777
981,1048,2017,NYC Transit,Transportation,5,54,117,#777777
982,1049,2017,NYC Transit,Transportation,5,54,117,#777777
983,1050,2017,NYC Transit,Transportation,5,54,117,#777777
984,1051,2017,NYC Transit,Transportation,5,54,117,#777777
985,1052,2017,NYC Transit,Transportation,5,54,117,#777777
986,1053,2017,NYC Transit,Transportation,5,54,117,#777777
987,1054,2017,NYC Transit,Transportation,5,54,117,#777777
988,1055,2017,NYC Transit,Transportation,5,54,117,#777777
989,1056,2017,NYC Transit,Transportation,5,54,117,#777777
990,1057,2017,NYC Transit,Transportation,5,54,117,#777777
991,1058,2017,NYC Transit,Transportation,5,54,117,#777777
992,1059,2017,NYC Transit,Transportation,5,54,117,#777777
993,1060,2017,NYC Transit,Transportation,5,54,117,#777777
994,1061,2017,NYC Transit,Transportation,5,54,117,#777777
995,1062,2017,NYC Transit,Transportation,5,54,117,#777777
996,1063,2017,NYC Transit,Transportation,5,54,117,#777777
997,1064,2017,NYC Transit,Transportation,5,54,117,#777777
998,1065,2017,NYC Transit,Transportation,5,54,117,#777777
999,1066,2017,NYC Transit,Transportation,5,54,117,#777777
1000,1067,2017,NYC Transit,Transportation,5,54,117,#777777
1001,1068,2017,NYC Transit,Transportation,5,54,117,#777777
1002,1069,2017,NYC Transit,Transportation,5,54,117,#777777
1003,1070,2017,NYC Transit,Transportation,5,54,117,#777777
1004,1071,2017,NYC Transit,Transportation,5,54,117,#777777
1005,1072,2017,NYC Transit,Transportation,5,54,117,#777777
1006,1073,2017,NYC Transit,Transportation,5,54,117,#777777
1007,1074,2017,NYC Transit,Transportation,5,54,117,#777777
1008,1075,2017,NYC Transit,Transportation,5,54,117,#777777
1009,1076,2017,NYC Transit,Transportation,5,54,117,#777777
1010,1077,2017,NYC Transit,Transportation,5,54,117,#777777
1011,1078,2017,NYC Transit,Transportation,5,54,117,#777777
1012,1079,2017,NYC Transit,Transportation,5,54,117,#777777
1013,1080,2017,NYC Transit,Transportation,5,54,117,#777777
1014,1081,2017,NYC Transit,Transportation,5,54,117,#777777
1015,1082,2017,NYC Transit,Transportation,5,54,117,#777777
1016,1752,2018,yearblank,yearblank,0,0,0,#ffffff
1017,1753,2018,yearblank,yearblank,0,0,99999,#ffffff
1018,34,2018,Google,Labor/business,5,6,6,#ef843c
1019,35,2018,Google,Labor/business,5,6,6,#ef843c
1020,36,2018,Google,Labor/business,5,6,6,#ef843c
1021,37,2018,Google,Labor/business,5,6,6,#ef843c
1022,38,2018,Google,Labor/business,5,6,6,#ef843c
1023,39,2018,Google,Labor/business,5,6,6,#ef843c
1024,104,2018,City Council ,Election,5,16,16,#593047
1025,105,2018,City Council ,Election,5,16,16,#593047
1026,106,2018,City Council ,Election,5,16,16,#593047
1027,107,2018,City Council ,Election,5,16,16,#593047
1028,108,2018,City Council ,Election,5,16,16,#593047
1029,109,2018,City Council ,Election,5,16,16,#593047
1030,110,2018,City Council ,Election,5,16,16,#593047
1031,111,2018,City Council ,Election,5,16,16,#593047
1032,112,2018,City Council ,Election,5,16,16,#593047
1033,113,2018,City Council ,Election,5,16,16,#593047
1034,114,2018,City Council ,Election,5,16,16,#593047
1035,115,2018,City Council ,Election,5,16,16,#593047
1036,116,2018,City Council ,Election,5,16,16,#593047
1037,117,2018,City Council ,Election,5,16,16,#593047
1038,118,2018,City Council ,Election,5,16,16,#593047
1039,119,2018,City Council ,Election,5,16,16,#593047
1040,1712,2018,Education,Education,5,30,226,#1b79a5
1041,1713,2018,Education,Education,5,30,226,#1b79a5
1042,1714,2018,Education,Education,5,30,226,#1b79a5
1043,1715,2018,Education,Education,5,30,226,#1b79a5
1044,1716,2018,Education,Education,5,30,226,#1b79a5
1045,1717,2018,Education,Education,5,30,226,#1b79a5
1046,1718,2018,Education,Education,5,30,226,#1b79a5
1047,1719,2018,Education,Education,5,30,226,#1b79a5
1048,1720,2018,Education,Education,5,30,226,#1b79a5
1049,1721,2018,Education,Education,5,30,226,#1b79a5
1050,1722,2018,Education,Education,5,30,226,#1b79a5
1051,1723,2018,Education,Education,5,30,226,#1b79a5
1052,1724,2018,Education,Education,5,30,226,#1b79a5
1053,1725,2018,Education,Education,5,30,226,#1b79a5
1054,1726,2018,Education,Education,5,30,226,#1b79a5
1055,1727,2018,Education,Education,5,30,226,#1b79a5
1056,1728,2018,Education,Education,5,30,226,#1b79a5
1057,1729,2018,Education,Education,5,30,226,#1b79a5
1058,1730,2018,Education,Education,5,30,226,#1b79a5
1059,1731,2018,Education,Education,5,30,226,#1b79a5
1060,1732,2018,Education,Education,5,30,226,#1b79a5
1061,1733,2018,Education,Education,5,30,226,#1b79a5
1062,1734,2018,Education,Education,5,30,226,#1b79a5
1063,1735,2018,Education,Education,5,30,226,#1b79a5
1064,1736,2018,Education,Education,5,30,226,#1b79a5
1065,1737,2018,Education,Education,5,30,226,#1b79a5
1066,1738,2018,Education,Education,5,30,226,#1b79a5
1067,1739,2018,Education,Education,5,30,226,#1b79a5
1068,1740,2018,Education,Education,5,30,226,#1b79a5
1069,1741,2018,Education,Education,5,30,226,#1b79a5
1070,916,2018,Amazon,Labor/business,5,32,85,#e26e17
1071,917,2018,Amazon,Labor/business,5,32,85,#e26e17
1072,918,2018,Amazon,Labor/business,5,32,85,#e26e17
1073,919,2018,Amazon,Labor/business,5,32,85,#e26e17
1074,920,2018,Amazon,Labor/business,5,32,85,#e26e17
1075,921,2018,Amazon,Labor/business,5,32,85,#e26e17
1076,922,2018,Amazon,Labor/business,5,32,85,#e26e17
1077,923,2018,Amazon,Labor/business,5,32,85,#e26e17
1078,924,2018,Amazon,Labor/business,5,32,85,#e26e17
1079,925,2018,Amazon,Labor/business,5,32,85,#e26e17
1080,926,2018,Amazon,Labor/business,5,32,85,#e26e17
1081,927,2018,Amazon,Labor/business,5,32,85,#e26e17
1082,928,2018,Amazon,Labor/business,5,32,85,#e26e17
1083,929,2018,Amazon,Labor/business,5,32,85,#e26e17
1084,930,2018,Amazon,Labor/business,5,32,85,#e26e17
1085,931,2018,Amazon,Labor/business,5,32,85,#e26e17
1086,932,2018,Amazon,Labor/business,5,32,85,#e26e17
1087,933,2018,Amazon,Labor/business,5,32,85,#e26e17
1088,934,2018,Amazon,Labor/business,5,32,85,#e26e17
1089,935,2018,Amazon,Labor/business,5,32,85,#e26e17
1090,936,2018,Amazon,Labor/business,5,32,85,#e26e17
1091,937,2018,Amazon,Labor/business,5,32,85,#e26e17
1092,938,2018,Amazon,Labor/business,5,32,85,#e26e17
1093,939,2018,Amazon,Labor/business,5,32,85,#e26e17
1094,940,2018,Amazon,Labor/business,5,32,85,#e26e17
1095,941,2018,Amazon,Labor/business,5,32,85,#e26e17
1096,942,2018,Amazon,Labor/business,5,32,85,#e26e17
1097,943,2018,Amazon,Labor/business,5,32,85,#e26e17
1098,944,2018,Amazon,Labor/business,5,32,85,#e26e17
1099,945,2018,Amazon,Labor/business,5,32,85,#e26e17
1100,946,2018,Amazon,Labor/business,5,32,85,#e26e17
1101,947,2018,Amazon,Labor/business,5,32,85,#e26e17
1102,1282,2018,Police,Police/security,5,33,190,#db2a40
1103,1283,2018,Police,Police/security,5,33,190,#db2a40
1104,1284,2018,Police,Police/security,5,33,190,#db2a40
1105,1285,2018,Police,Police/security,5,33,190,#db2a40
1106,1286,2018,Police,Police/security,5,33,190,#db2a40
1107,1287,2018,Police,Police/security,5,33,190,#db2a40
1108,1288,2018,Police,Police/security,5,33,190,#db2a40
1109,1289,2018,Police,Police/security,5,33,190,#db2a40
1110,1290,2018,Police,Police/security,5,33,190,#db2a40
1111,1291,2018,Police,Police/security,5,33,190,#db2a40
1112,1292,2018,Police,Police/security,5,33,190,#db2a40
1113,1293,2018,Police,Police/security,5,33,190,#db2a40
1114,1294,2018,Police,Police/security,5,33,190,#db2a40
1115,1295,2018,Police,Police/security,5,33,190,#db2a40
1116,1296,2018,Police,Police/security,5,33,190,#db2a40
1117,1297,2018,Police,Police/security,5,33,190,#db2a40
1118,1298,2018,Police,Police/security,5,33,190,#db2a40
1119,1299,2018,Police,Police/security,5,33,190,#db2a40
1120,1300,2018,Police,Police/security,5,33,190,#db2a40
1121,1301,2018,Police,Police/security,5,33,190,#db2a40
1122,1302,2018,Police,Police/security,5,33,190,#db2a40
1123,1303,2018,Police,Police/security,5,33,190,#db2a40
1124,1304,2018,Police,Police/security,5,33,190,#db2a40
1125,1305,2018,Police,Police/security,5,33,190,#db2a40
1126,1306,2018,Police,Police/security,5,33,190,#db2a40
1127,1307,2018,Police,Police/security,5,33,190,#db2a40
1128,1308,2018,Police,Police/security,5,33,190,#db2a40
1129,1309,2018,Police,Police/security,5,33,190,#db2a40
1130,1310,2018,Police,Police/security,5,33,190,#db2a40
1131,1311,2018,Police,Police/security,5,33,190,#db2a40
1132,1312,2018,Police,Police/security,5,33,190,#db2a40
1133,1313,2018,Police,Police/security,5,33,190,#db2a40
1134,1314,2018,Police,Police/security,5,33,190,#db2a40
1135,1083,2018,NYC Transit,Transportation,5,39,117,#777777
1136,1084,2018,NYC Transit,Transportation,5,39,117,#777777
1137,1085,2018,NYC Transit,Transportation,5,39,117,#777777
1138,1086,2018,NYC Transit,Transportation,5,39,117,#777777
1139,1087,2018,NYC Transit,Transportation,5,39,117,#777777
1140,1088,2018,NYC Transit,Transportation,5,39,117,#777777
1141,1089,2018,NYC Transit,Transportation,5,39,117,#777777
1142,1090,2018,NYC Transit,Transportation,5,39,117,#777777
1143,1091,2018,NYC Transit,Transportation,5,39,117,#777777
1144,1092,2018,NYC Transit,Transportation,5,39,117,#777777
1145,1093,2018,NYC Transit,Transportation,5,39,117,#777777
1146,1094,2018,NYC Transit,Transportation,5,39,117,#777777
1147,1095,2018,NYC Transit,Transportation,5,39,117,#777777
1148,1096,2018,NYC Transit,Transportation,5,39,117,#777777
1149,1097,2018,NYC Transit,Transportation,5,39,117,#777777
1150,1098,2018,NYC Transit,Transportation,5,39,117,#777777
1151,1099,2018,NYC Transit,Transportation,5,39,117,#777777
1152,1100,2018,NYC Transit,Transportation,5,39,117,#777777
1153,1101,2018,NYC Transit,Transportation,5,39,117,#777777
1154,1102,2018,NYC Transit,Transportation,5,39,117,#777777
1155,1103,2018,NYC Transit,Transportation,5,39,117,#777777
1156,1104,2018,NYC Transit,Transportation,5,39,117,#777777
1157,1105,2018,NYC Transit,Transportation,5,39,117,#777777
1158,1106,2018,NYC Transit,Transportation,5,39,117,#777777
1159,1107,2018,NYC Transit,Transportation,5,39,117,#777777
1160,1108,2018,NYC Transit,Transportation,5,39,117,#777777
1161,1109,2018,NYC Transit,Transportation,5,39,117,#777777
1162,1110,2018,NYC Transit,Transportation,5,39,117,#777777
1163,1111,2018,NYC Transit,Transportation,5,39,117,#777777
1164,1112,2018,NYC Transit,Transportation,5,39,117,#777777
1165,1113,2018,NYC Transit,Transportation,5,39,117,#777777
1166,1114,2018,NYC Transit,Transportation,5,39,117,#777777
1167,1115,2018,NYC Transit,Transportation,5,39,117,#777777
1168,1116,2018,NYC Transit,Transportation,5,39,117,#777777
1169,1117,2018,NYC Transit,Transportation,5,39,117,#777777
1170,1118,2018,NYC Transit,Transportation,5,39,117,#777777
1171,1119,2018,NYC Transit,Transportation,5,39,117,#777777
1172,1120,2018,NYC Transit,Transportation,5,39,117,#777777
1173,1121,2018,NYC Transit,Transportation,5,39,117,#777777
1174,293,2018,Ridesharing,Transportation,5,41,41,#a5a5a5
1175,294,2018,Ridesharing,Transportation,5,41,41,#a5a5a5
1176,295,2018,Ridesharing,Transportation,5,41,41,#a5a5a5
1177,296,2018,Ridesharing,Transportation,5,41,41,#a5a5a5
1178,297,2018,Ridesharing,Transportation,5,41,41,#a5a5a5
1179,298,2018,Ridesharing,Transportation,5,41,41,#a5a5a5
1180,299,2018,Ridesharing,Transportation,5,41,41,#a5a5a5
1181,300,2018,Ridesharing,Transportation,5,41,41,#a5a5a5
1182,301,2018,Ridesharing,Transportation,5,41,41,#a5a5a5
1183,302,2018,Ridesharing,Transportation,5,41,41,#a5a5a5
1184,303,2018,Ridesharing,Transportation,5,41,41,#a5a5a5
1185,304,2018,Ridesharing,Transportation,5,41,41,#a5a5a5
1186,305,2018,Ridesharing,Transportation,5,41,41,#a5a5a5
1187,306,2018,Ridesharing,Transportation,5,41,41,#a5a5a5
1188,307,2018,Ridesharing,Transportation,5,41,41,#a5a5a5
1189,308,2018,Ridesharing,Transportation,5,41,41,#a5a5a5
1190,309,2018,Ridesharing,Transportation,5,41,41,#a5a5a5
1191,310,2018,Ridesharing,Transportation,5,41,41,#a5a5a5
1192,311,2018,Ridesharing,Transportation,5,41,41,#a5a5a5
1193,312,2018,Ridesharing,Transportation,5,41,41,#a5a5a5
1194,313,2018,Ridesharing,Transportation,5,41,41,#a5a5a5
1195,314,2018,Ridesharing,Transportation,5,41,41,#a5a5a5
1196,315,2018,Ridesharing,Transportation,5,41,41,#a5a5a5
1197,316,2018,Ridesharing,Transportation,5,41,41,#a5a5a5
1198,317,2018,Ridesharing,Transportation,5,41,41,#a5a5a5
1199,318,2018,Ridesharing,Transportation,5,41,41,#a5a5a5
1200,319,2018,Ridesharing,Transportation,5,41,41,#a5a5a5
1201,320,2018,Ridesharing,Transportation,5,41,41,#a5a5a5
1202,321,2018,Ridesharing,Transportation,5,41,41,#a5a5a5
1203,322,2018,Ridesharing,Transportation,5,41,41,#a5a5a5
1204,323,2018,Ridesharing,Transportation,5,41,41,#a5a5a5
1205,324,2018,Ridesharing,Transportation,5,41,41,#a5a5a5
1206,325,2018,Ridesharing,Transportation,5,41,41,#a5a5a5
1207,326,2018,Ridesharing,Transportation,5,41,41,#a5a5a5
1208,327,2018,Ridesharing,Transportation,5,41,41,#a5a5a5
1209,328,2018,Ridesharing,Transportation,5,41,41,#a5a5a5
1210,329,2018,Ridesharing,Transportation,5,41,41,#a5a5a5
1211,330,2018,Ridesharing,Transportation,5,41,41,#a5a5a5
1212,331,2018,Ridesharing,Transportation,5,41,41,#a5a5a5
1213,332,2018,Ridesharing,Transportation,5,41,41,#a5a5a5
1214,333,2018,Ridesharing,Transportation,5,41,41,#a5a5a5
1215,386,2018,Marijuana,Police/security,5,43,43,#9b3434
1216,387,2018,Marijuana,Police/security,5,43,43,#9b3434
1217,388,2018,Marijuana,Police/security,5,43,43,#9b3434
1218,389,2018,Marijuana,Police/security,5,43,43,#9b3434
1219,390,2018,Marijuana,Police/security,5,43,43,#9b3434
1220,391,2018,Marijuana,Police/security,5,43,43,#9b3434
1221,392,2018,Marijuana,Police/security,5,43,43,#9b3434
1222,393,2018,Marijuana,Police/security,5,43,43,#9b3434
1223,394,2018,Marijuana,Police/security,5,43,43,#9b3434
1224,395,2018,Marijuana,Police/security,5,43,43,#9b3434
1225,396,2018,Marijuana,Police/security,5,43,43,#9b3434
1226,397,2018,Marijuana,Police/security,5,43,43,#9b3434
1227,398,2018,Marijuana,Police/security,5,43,43,#9b3434
1228,399,2018,Marijuana,Police/security,5,43,43,#9b3434
1229,400,2018,Marijuana,Police/security,5,43,43,#9b3434
1230,401,2018,Marijuana,Police/security,5,43,43,#9b3434
1231,402,2018,Marijuana,Police/security,5,43,43,#9b3434
1232,403,2018,Marijuana,Police/security,5,43,43,#9b3434
1233,404,2018,Marijuana,Police/security,5,43,43,#9b3434
1234,405,2018,Marijuana,Police/security,5,43,43,#9b3434
1235,406,2018,Marijuana,Police/security,5,43,43,#9b3434
1236,407,2018,Marijuana,Police/security,5,43,43,#9b3434
1237,408,2018,Marijuana,Police/security,5,43,43,#9b3434
1238,409,2018,Marijuana,Police/security,5,43,43,#9b3434
1239,410,2018,Marijuana,Police/security,5,43,43,#9b3434
1240,411,2018,Marijuana,Police/security,5,43,43,#9b3434
1241,412,2018,Marijuana,Police/security,5,43,43,#9b3434
1242,413,2018,Marijuana,Police/security,5,43,43,#9b3434
1243,414,2018,Marijuana,Police/security,5,43,43,#9b3434
1244,415,2018,Marijuana,Police/security,5,43,43,#9b3434
1245,416,2018,Marijuana,Police/security,5,43,43,#9b3434
1246,417,2018,Marijuana,Police/security,5,43,43,#9b3434
1247,418,2018,Marijuana,Police/security,5,43,43,#9b3434
1248,419,2018,Marijuana,Police/security,5,43,43,#9b3434
1249,420,2018,Marijuana,Police/security,5,43,43,#9b3434
1250,421,2018,Marijuana,Police/security,5,43,43,#9b3434
1251,422,2018,Marijuana,Police/security,5,43,43,#9b3434
1252,423,2018,Marijuana,Police/security,5,43,43,#9b3434
1253,424,2018,Marijuana,Police/security,5,43,43,#9b3434
1254,425,2018,Marijuana,Police/security,5,43,43,#9b3434
1255,426,2018,Marijuana,Police/security,5,43,43,#9b3434
1256,427,2018,Marijuana,Police/security,5,43,43,#9b3434
1257,428,2018,Marijuana,Police/security,5,43,43,#9b3434
1258,1754,2019,yearblank,yearblank,0,0,0,#ffffff
1259,1755,2019,yearblank,yearblank,0,0,99999,#ffffff
1260,70,2019,Public Health,Health,5,12,12,#e2747c
1261,71,2019,Public Health,Health,5,12,12,#e2747c
1262,72,2019,Public Health,Health,5,12,12,#e2747c
1263,73,2019,Public Health,Health,5,12,12,#e2747c
1264,74,2019,Public Health,Health,5,12,12,#e2747c
1265,75,2019,Public Health,Health,5,12,12,#e2747c
1266,76,2019,Public Health,Health,5,12,12,#e2747c
1267,77,2019,Public Health,Health,5,12,12,#e2747c
1268,78,2019,Public Health,Health,5,12,12,#e2747c
1269,79,2019,Public Health,Health,5,12,12,#e2747c
1270,80,2019,Public Health,Health,5,12,12,#e2747c
1271,81,2019,Public Health,Health,5,12,12,#e2747c
1272,149,2019,Hudson Yards,Labor/business,5,22,22,#e8562a
1273,150,2019,Hudson Yards,Labor/business,5,22,22,#e8562a
1274,151,2019,Hudson Yards,Labor/business,5,22,22,#e8562a
1275,152,2019,Hudson Yards,Labor/business,5,22,22,#e8562a
1276,153,2019,Hudson Yards,Labor/business,5,22,22,#e8562a
1277,154,2019,Hudson Yards,Labor/business,5,22,22,#e8562a
1278,155,2019,Hudson Yards,Labor/business,5,22,22,#e8562a
1279,156,2019,Hudson Yards,Labor/business,5,22,22,#e8562a
1280,157,2019,Hudson Yards,Labor/business,5,22,22,#e8562a
1281,158,2019,Hudson Yards,Labor/business,5,22,22,#e8562a
1282,159,2019,Hudson Yards,Labor/business,5,22,22,#e8562a
1283,160,2019,Hudson Yards,Labor/business,5,22,22,#e8562a
1284,161,2019,Hudson Yards,Labor/business,5,22,22,#e8562a
1285,162,2019,Hudson Yards,Labor/business,5,22,22,#e8562a
1286,163,2019,Hudson Yards,Labor/business,5,22,22,#e8562a
1287,164,2019,Hudson Yards,Labor/business,5,22,22,#e8562a
1288,165,2019,Hudson Yards,Labor/business,5,22,22,#e8562a
1289,166,2019,Hudson Yards,Labor/business,5,22,22,#e8562a
1290,167,2019,Hudson Yards,Labor/business,5,22,22,#e8562a
1291,168,2019,Hudson Yards,Labor/business,5,22,22,#e8562a
1292,169,2019,Hudson Yards,Labor/business,5,22,22,#e8562a
1293,170,2019,Hudson Yards,Labor/business,5,22,22,#e8562a
1294,175,2019,City Streets,Environment,5,28,28,#9fb753
1295,176,2019,City Streets,Environment,5,28,28,#9fb753
1296,177,2019,City Streets,Environment,5,28,28,#9fb753
1297,178,2019,City Streets,Environment,5,28,28,#9fb753
1298,179,2019,City Streets,Environment,5,28,28,#9fb753
1299,180,2019,City Streets,Environment,5,28,28,#9fb753
1300,181,2019,City Streets,Environment,5,28,28,#9fb753
1301,182,2019,City Streets,Environment,5,28,28,#9fb753
1302,183,2019,City Streets,Environment,5,28,28,#9fb753
1303,184,2019,City Streets,Environment,5,28,28,#9fb753
1304,185,2019,City Streets,Environment,5,28,28,#9fb753
1305,186,2019,City Streets,Environment,5,28,28,#9fb753
1306,187,2019,City Streets,Environment,5,28,28,#9fb753
1307,188,2019,City Streets,Environment,5,28,28,#9fb753
1308,189,2019,City Streets,Environment,5,28,28,#9fb753
1309,190,2019,City Streets,Environment,5,28,28,#9fb753
1310,191,2019,City Streets,Environment,5,28,28,#9fb753
1311,192,2019,City Streets,Environment,5,28,28,#9fb753
1312,193,2019,City Streets,Environment,5,28,28,#9fb753
1313,194,2019,City Streets,Environment,5,28,28,#9fb753
1314,195,2019,City Streets,Environment,5,28,28,#9fb753
1315,196,2019,City Streets,Environment,5,28,28,#9fb753
1316,197,2019,City Streets,Environment,5,28,28,#9fb753
1317,198,2019,City Streets,Environment,5,28,28,#9fb753
1318,199,2019,City Streets,Environment,5,28,28,#9fb753
1319,200,2019,City Streets,Environment,5,28,28,#9fb753
1320,201,2019,City Streets,Environment,5,28,28,#9fb753
1321,202,2019,City Streets,Environment,5,28,28,#9fb753
1322,483,2019,Medallion Loans,Transportation,5,45,45,#828282
1323,484,2019,Medallion Loans,Transportation,5,45,45,#828282
1324,485,2019,Medallion Loans,Transportation,5,45,45,#828282
1325,486,2019,Medallion Loans,Transportation,5,45,45,#828282
1326,487,2019,Medallion Loans,Transportation,5,45,45,#828282
1327,488,2019,Medallion Loans,Transportation,5,45,45,#828282
1328,489,2019,Medallion Loans,Transportation,5,45,45,#828282
1329,490,2019,Medallion Loans,Transportation,5,45,45,#828282
1330,491,2019,Medallion Loans,Transportation,5,45,45,#828282
1331,492,2019,Medallion Loans,Transportation,5,45,45,#828282
1332,493,2019,Medallion Loans,Transportation,5,45,45,#828282
1333,494,2019,Medallion Loans,Transportation,5,45,45,#828282
1334,495,2019,Medallion Loans,Transportation,5,45,45,#828282
1335,496,2019,Medallion Loans,Transportation,5,45,45,#828282
1336,497,2019,Medallion Loans,Transportation,5,45,45,#828282
1337,498,2019,Medallion Loans,Transportation,5,45,45,#828282
1338,499,2019,Medallion Loans,Transportation,5,45,45,#828282
1339,500,2019,Medallion Loans,Transportation,5,45,45,#828282
1340,501,2019,Medallion Loans,Transportation,5,45,45,#828282
1341,502,2019,Medallion Loans,Transportation,5,45,45,#828282
1342,503,2019,Medallion Loans,Transportation,5,45,45,#828282
1343,504,2019,Medallion Loans,Transportation,5,45,45,#828282
1344,505,2019,Medallion Loans,Transportation,5,45,45,#828282
1345,506,2019,Medallion Loans,Transportation,5,45,45,#828282
1346,507,2019,Medallion Loans,Transportation,5,45,45,#828282
1347,508,2019,Medallion Loans,Transportation,5,45,45,#828282
1348,509,2019,Medallion Loans,Transportation,5,45,45,#828282
1349,510,2019,Medallion Loans,Transportation,5,45,45,#828282
1350,511,2019,Medallion Loans,Transportation,5,45,45,#828282
1351,512,2019,Medallion Loans,Transportation,5,45,45,#828282
1352,513,2019,Medallion Loans,Transportation,5,45,45,#828282
1353,514,2019,Medallion Loans,Transportation,5,45,45,#828282
1354,515,2019,Medallion Loans,Transportation,5,45,45,#828282
1355,516,2019,Medallion Loans,Transportation,5,45,45,#828282
1356,517,2019,Medallion Loans,Transportation,5,45,45,#828282
1357,518,2019,Medallion Loans,Transportation,5,45,45,#828282
1358,519,2019,Medallion Loans,Transportation,5,45,45,#828282
1359,520,2019,Medallion Loans,Transportation,5,45,45,#828282
1360,521,2019,Medallion Loans,Transportation,5,45,45,#828282
1361,522,2019,Medallion Loans,Transportation,5,45,45,#828282
1362,523,2019,Medallion Loans,Transportation,5,45,45,#828282
1363,524,2019,Medallion Loans,Transportation,5,45,45,#828282
1364,525,2019,Medallion Loans,Transportation,5,45,45,#828282
1365,526,2019,Medallion Loans,Transportation,5,45,45,#828282
1366,527,2019,Medallion Loans,Transportation,5,45,45,#828282
1367,587,2019,Rikers Closing,Police/security,5,48,48,#c12336
1368,588,2019,Rikers Closing,Police/security,5,48,48,#c12336
1369,589,2019,Rikers Closing,Police/security,5,48,48,#c12336
1370,590,2019,Rikers Closing,Police/security,5,48,48,#c12336
1371,591,2019,Rikers Closing,Police/security,5,48,48,#c12336
1372,592,2019,Rikers Closing,Police/security,5,48,48,#c12336
1373,593,2019,Rikers Closing,Police/security,5,48,48,#c12336
1374,594,2019,Rikers Closing,Police/security,5,48,48,#c12336
1375,595,2019,Rikers Closing,Police/security,5,48,48,#c12336
1376,596,2019,Rikers Closing,Police/security,5,48,48,#c12336
1377,597,2019,Rikers Closing,Police/security,5,48,48,#c12336
1378,598,2019,Rikers Closing,Police/security,5,48,48,#c12336
1379,599,2019,Rikers Closing,Police/security,5,48,48,#c12336
1380,600,2019,Rikers Closing,Police/security,5,48,48,#c12336
1381,601,2019,Rikers Closing,Police/security,5,48,48,#c12336
1382,602,2019,Rikers Closing,Police/security,5,48,48,#c12336
1383,603,2019,Rikers Closing,Police/security,5,48,48,#c12336
1384,604,2019,Rikers Closing,Police/security,5,48,48,#c12336
1385,605,2019,Rikers Closing,Police/security,5,48,48,#c12336
1386,606,2019,Rikers Closing,Police/security,5,48,48,#c12336
1387,607,2019,Rikers Closing,Police/security,5,48,48,#c12336
1388,608,2019,Rikers Closing,Police/security,5,48,48,#c12336
1389,609,2019,Rikers Closing,Police/security,5,48,48,#c12336
1390,610,2019,Rikers Closing,Police/security,5,48,48,#c12336
1391,611,2019,Rikers Closing,Police/security,5,48,48,#c12336
1392,612,2019,Rikers Closing,Police/security,5,48,48,#c12336
1393,613,2019,Rikers Closing,Police/security,5,48,48,#c12336
1394,614,2019,Rikers Closing,Police/security,5,48,48,#c12336
1395,615,2019,Rikers Closing,Police/security,5,48,48,#c12336
1396,616,2019,Rikers Closing,Police/security,5,48,48,#c12336
1397,617,2019,Rikers Closing,Police/security,5,48,48,#c12336
1398,618,2019,Rikers Closing,Police/security,5,48,48,#c12336
1399,619,2019,Rikers Closing,Police/security,5,48,48,#c12336
1400,620,2019,Rikers Closing,Police/security,5,48,48,#c12336
1401,621,2019,Rikers Closing,Police/security,5,48,48,#c12336
1402,622,2019,Rikers Closing,Police/security,5,48,48,#c12336
1403,623,2019,Rikers Closing,Police/security,5,48,48,#c12336
1404,624,2019,Rikers Closing,Police/security,5,48,48,#c12336
1405,625,2019,Rikers Closing,Police/security,5,48,48,#c12336
1406,626,2019,Rikers Closing,Police/security,5,48,48,#c12336
1407,627,2019,Rikers Closing,Police/security,5,48,48,#c12336
1408,628,2019,Rikers Closing,Police/security,5,48,48,#c12336
1409,629,2019,Rikers Closing,Police/security,5,48,48,#c12336
1410,630,2019,Rikers Closing,Police/security,5,48,48,#c12336
1411,631,2019,Rikers Closing,Police/security,5,48,48,#c12336
1412,632,2019,Rikers Closing,Police/security,5,48,48,#c12336
1413,633,2019,Rikers Closing,Police/security,5,48,48,#c12336
1414,634,2019,Rikers Closing,Police/security,5,48,48,#c12336
1415,948,2019,Amazon,Labor/business,5,53,85,#e26e17
1416,949,2019,Amazon,Labor/business,5,53,85,#e26e17
1417,950,2019,Amazon,Labor/business,5,53,85,#e26e17
1418,951,2019,Amazon,Labor/business,5,53,85,#e26e17
1419,952,2019,Amazon,Labor/business,5,53,85,#e26e17
1420,953,2019,Amazon,Labor/business,5,53,85,#e26e17
1421,954,2019,Amazon,Labor/business,5,53,85,#e26e17
1422,955,2019,Amazon,Labor/business,5,53,85,#e26e17
1423,956,2019,Amazon,Labor/business,5,53,85,#e26e17
1424,957,2019,Amazon,Labor/business,5,53,85,#e26e17
1425,958,2019,Amazon,Labor/business,5,53,85,#e26e17
1426,959,2019,Amazon,Labor/business,5,53,85,#e26e17
1427,960,2019,Amazon,Labor/business,5,53,85,#e26e17
1428,961,2019,Amazon,Labor/business,5,53,85,#e26e17
1429,962,2019,Amazon,Labor/business,5,53,85,#e26e17
1430,963,2019,Amazon,Labor/business,5,53,85,#e26e17
1431,964,2019,Amazon,Labor/business,5,53,85,#e26e17
1432,965,2019,Amazon,Labor/business,5,53,85,#e26e17
1433,966,2019,Amazon,Labor/business,5,53,85,#e26e17
1434,967,2019,Amazon,Labor/business,5,53,85,#e26e17
1435,968,2019,Amazon,Labor/business,5,53,85,#e26e17
1436,969,2019,Amazon,Labor/business,5,53,85,#e26e17
1437,970,2019,Amazon,Labor/business,5,53,85,#e26e17
1438,971,2019,Amazon,Labor/business,5,53,85,#e26e17
1439,972,2019,Amazon,Labor/business,5,53,85,#e26e17
1440,973,2019,Amazon,Labor/business,5,53,85,#e26e17
1441,974,2019,Amazon,Labor/business,5,53,85,#e26e17
1442,975,2019,Amazon,Labor/business,5,53,85,#e26e17
1443,976,2019,Amazon,Labor/business,5,53,85,#e26e17
1444,977,2019,Amazon,Labor/business,5,53,85,#e26e17
1445,978,2019,Amazon,Labor/business,5,53,85,#e26e17
1446,979,2019,Amazon,Labor/business,5,53,85,#e26e17
1447,980,2019,Amazon,Labor/business,5,53,85,#e26e17
1448,981,2019,Amazon,Labor/business,5,53,85,#e26e17
1449,982,2019,Amazon,Labor/business,5,53,85,#e26e17
1450,983,2019,Amazon,Labor/business,5,53,85,#e26e17
1451,984,2019,Amazon,Labor/business,5,53,85,#e26e17
1452,985,2019,Amazon,Labor/business,5,53,85,#e26e17
1453,986,2019,Amazon,Labor/business,5,53,85,#e26e17
1454,987,2019,Amazon,Labor/business,5,53,85,#e26e17
1455,988,2019,Amazon,Labor/business,5,53,85,#e26e17
1456,989,2019,Amazon,Labor/business,5,53,85,#e26e17
1457,990,2019,Amazon,Labor/business,5,53,85,#e26e17
1458,991,2019,Amazon,Labor/business,5,53,85,#e26e17
1459,992,2019,Amazon,Labor/business,5,53,85,#e26e17
1460,993,2019,Amazon,Labor/business,5,53,85,#e26e17
1461,994,2019,Amazon,Labor/business,5,53,85,#e26e17
1462,995,2019,Amazon,Labor/business,5,53,85,#e26e17
1463,996,2019,Amazon,Labor/business,5,53,85,#e26e17
1464,997,2019,Amazon,Labor/business,5,53,85,#e26e17
1465,998,2019,Amazon,Labor/business,5,53,85,#e26e17
1466,999,2019,Amazon,Labor/business,5,53,85,#e26e17
1467,1000,2019,Amazon,Labor/business,5,53,85,#e26e17
1468,1756,2020,yearblank,yearblank,0,0,0,#ffffff
1469,1757,2020,yearblank,yearblank,0,0,99999,#ffffff
1470,3,2020,ICE,Police/security,5,1,1,#c91818
1471,8,2020,Medallion ,Transportation,5,1,1,#a0a0a0
1472,14,2020,Foie Gras Ban,Environment,5,2,2,#91af37
1473,15,2020,Foie Gras Ban,Environment,5,2,2,#91af37
1474,21,2020,Plastic Bag Ban,Environment,5,3,3,#67812b
1475,22,2020,Plastic Bag Ban,Environment,5,3,3,#67812b
1476,23,2020,Plastic Bag Ban,Environment,5,3,3,#67812b
1477,27,2020,Primaries,Election,5,4,4,#8f2e62
1478,28,2020,Primaries,Election,5,4,4,#8f2e62
1479,29,2020,Primaries,Election,5,4,4,#8f2e62
1480,30,2020,Primaries,Election,5,4,4,#8f2e62
1481,341,2020,BLM Defunding Police,Police/security,5,41,41,#ce3e45
1482,342,2020,BLM Defunding Police,Police/security,5,41,41,#ce3e45
1483,343,2020,BLM Defunding Police,Police/security,5,41,41,#ce3e45
1484,344,2020,BLM Defunding Police,Police/security,5,41,41,#ce3e45
1485,345,2020,BLM Defunding Police,Police/security,5,41,41,#ce3e45
1486,346,2020,BLM Defunding Police,Police/security,5,41,41,#ce3e45
1487,347,2020,BLM Defunding Police,Police/security,5,41,41,#ce3e45
1488,348,2020,BLM Defunding Police,Police/security,5,41,41,#ce3e45
1489,349,2020,BLM Defunding Police,Police/security,5,41,41,#ce3e45
1490,350,2020,BLM Defunding Police,Police/security,5,41,41,#ce3e45
1491,351,2020,BLM Defunding Police,Police/security,5,41,41,#ce3e45
1492,352,2020,BLM Defunding Police,Police/security,5,41,41,#ce3e45
1493,353,2020,BLM Defunding Police,Police/security,5,41,41,#ce3e45
1494,354,2020,BLM Defunding Police,Police/security,5,41,41,#ce3e45
1495,355,2020,BLM Defunding Police,Police/security,5,41,41,#ce3e45
1496,356,2020,BLM Defunding Police,Police/security,5,41,41,#ce3e45
1497,357,2020,BLM Defunding Police,Police/security,5,41,41,#ce3e45
1498,358,2020,BLM Defunding Police,Police/security,5,41,41,#ce3e45
1499,359,2020,BLM Defunding Police,Police/security,5,41,41,#ce3e45
1500,360,2020,BLM Defunding Police,Police/security,5,41,41,#ce3e45
1501,361,2020,BLM Defunding Police,Police/security,5,41,41,#ce3e45
1502,362,2020,BLM Defunding Police,Police/security,5,41,41,#ce3e45
1503,363,2020,BLM Defunding Police,Police/security,5,41,41,#ce3e45
1504,364,2020,BLM Defunding Police,Police/security,5,41,41,#ce3e45
1505,365,2020,BLM Defunding Police,Police/security,5,41,41,#ce3e45
1506,366,2020,BLM Defunding Police,Police/security,5,41,41,#ce3e45
1507,367,2020,BLM Defunding Police,Police/security,5,41,41,#ce3e45
1508,368,2020,BLM Defunding Police,Police/security,5,41,41,#ce3e45
1509,369,2020,BLM Defunding Police,Police/security,5,41,41,#ce3e45
1510,370,2020,BLM Defunding Police,Police/security,5,41,41,#ce3e45
1511,371,2020,BLM Defunding Police,Police/security,5,41,41,#ce3e45
1512,372,2020,BLM Defunding Police,Police/security,5,41,41,#ce3e45
1513,373,2020,BLM Defunding Police,Police/security,5,41,41,#ce3e45
1514,374,2020,BLM Defunding Police,Police/security,5,41,41,#ce3e45
1515,375,2020,BLM Defunding Police,Police/security,5,41,41,#ce3e45
1516,376,2020,BLM Defunding Police,Police/security,5,41,41,#ce3e45
1517,377,2020,BLM Defunding Police,Police/security,5,41,41,#ce3e45
1518,378,2020,BLM Defunding Police,Police/security,5,41,41,#ce3e45
1519,379,2020,BLM Defunding Police,Police/security,5,41,41,#ce3e45
1520,380,2020,BLM Defunding Police,Police/security,5,41,41,#ce3e45
1521,381,2020,BLM Defunding Police,Police/security,5,41,41,#ce3e45
1522,435,2020,BLM Police Protest,Police/security,5,43,43,#ad3b44
1523,436,2020,BLM Police Protest,Police/security,5,43,43,#ad3b44
1524,437,2020,BLM Police Protest,Police/security,5,43,43,#ad3b44
1525,438,2020,BLM Police Protest,Police/security,5,43,43,#ad3b44
1526,439,2020,BLM Police Protest,Police/security,5,43,43,#ad3b44
1527,440,2020,BLM Police Protest,Police/security,5,43,43,#ad3b44
1528,441,2020,BLM Police Protest,Police/security,5,43,43,#ad3b44
1529,442,2020,BLM Police Protest,Police/security,5,43,43,#ad3b44
1530,443,2020,BLM Police Protest,Police/security,5,43,43,#ad3b44
1531,444,2020,BLM Police Protest,Police/security,5,43,43,#ad3b44
1532,445,2020,BLM Police Protest,Police/security,5,43,43,#ad3b44
1533,446,2020,BLM Police Protest,Police/security,5,43,43,#ad3b44
1534,447,2020,BLM Police Protest,Police/security,5,43,43,#ad3b44
1535,448,2020,BLM Police Protest,Police/security,5,43,43,#ad3b44
1536,449,2020,BLM Police Protest,Police/security,5,43,43,#ad3b44
1537,450,2020,BLM Police Protest,Police/security,5,43,43,#ad3b44
1538,451,2020,BLM Police Protest,Police/security,5,43,43,#ad3b44
1539,452,2020,BLM Police Protest,Police/security,5,43,43,#ad3b44
1540,453,2020,BLM Police Protest,Police/security,5,43,43,#ad3b44
1541,454,2020,BLM Police Protest,Police/security,5,43,43,#ad3b44
1542,455,2020,BLM Police Protest,Police/security,5,43,43,#ad3b44
1543,456,2020,BLM Police Protest,Police/security,5,43,43,#ad3b44
1544,457,2020,BLM Police Protest,Police/security,5,43,43,#ad3b44
1545,458,2020,BLM Police Protest,Police/security,5,43,43,#ad3b44
1546,459,2020,BLM Police Protest,Police/security,5,43,43,#ad3b44
1547,460,2020,BLM Police Protest,Police/security,5,43,43,#ad3b44
1548,461,2020,BLM Police Protest,Police/security,5,43,43,#ad3b44
1549,462,2020,BLM Police Protest,Police/security,5,43,43,#ad3b44
1550,463,2020,BLM Police Protest,Police/security,5,43,43,#ad3b44
1551,464,2020,BLM Police Protest,Police/security,5,43,43,#ad3b44
1552,465,2020,BLM Police Protest,Police/security,5,43,43,#ad3b44
1553,466,2020,BLM Police Protest,Police/security,5,43,43,#ad3b44
1554,467,2020,BLM Police Protest,Police/security,5,43,43,#ad3b44
1555,468,2020,BLM Police Protest,Police/security,5,43,43,#ad3b44
1556,469,2020,BLM Police Protest,Police/security,5,43,43,#ad3b44
1557,470,2020,BLM Police Protest,Police/security,5,43,43,#ad3b44
1558,471,2020,BLM Police Protest,Police/security,5,43,43,#ad3b44
1559,472,2020,BLM Police Protest,Police/security,5,43,43,#ad3b44
1560,473,2020,BLM Police Protest,Police/security,5,43,43,#ad3b44
1561,474,2020,BLM Police Protest,Police/security,5,43,43,#ad3b44
1562,475,2020,BLM Police Protest,Police/security,5,43,43,#ad3b44
1563,476,2020,BLM Police Protest,Police/security,5,43,43,#ad3b44
1564,477,2020,BLM Police Protest,Police/security,5,43,43,#ad3b44
1565,639,2020,Coronavirus,Health,5,51,51,#f4628f
1566,640,2020,Coronavirus,Health,5,51,51,#f4628f
1567,641,2020,Coronavirus,Health,5,51,51,#f4628f
1568,642,2020,Coronavirus,Health,5,51,51,#f4628f
1569,643,2020,Coronavirus,Health,5,51,51,#f4628f
1570,644,2020,Coronavirus,Health,5,51,51,#f4628f
1571,645,2020,Coronavirus,Health,5,51,51,#f4628f
1572,646,2020,Coronavirus,Health,5,51,51,#f4628f
1573,647,2020,Coronavirus,Health,5,51,51,#f4628f
1574,648,2020,Coronavirus,Health,5,51,51,#f4628f
1575,649,2020,Coronavirus,Health,5,51,51,#f4628f
1576,650,2020,Coronavirus,Health,5,51,51,#f4628f
1577,651,2020,Coronavirus,Health,5,51,51,#f4628f
1578,652,2020,Coronavirus,Health,5,51,51,#f4628f
1579,653,2020,Coronavirus,Health,5,51,51,#f4628f
1580,654,2020,Coronavirus,Health,5,51,51,#f4628f
1581,655,2020,Coronavirus,Health,5,51,51,#f4628f
1582,656,2020,Coronavirus,Health,5,51,51,#f4628f
1583,657,2020,Coronavirus,Health,5,51,51,#f4628f
1584,658,2020,Coronavirus,Health,5,51,51,#f4628f
1585,659,2020,Coronavirus,Health,5,51,51,#f4628f
1586,660,2020,Coronavirus,Health,5,51,51,#f4628f
1587,661,2020,Coronavirus,Health,5,51,51,#f4628f
1588,662,2020,Coronavirus,Health,5,51,51,#f4628f
1589,663,2020,Coronavirus,Health,5,51,51,#f4628f
1590,664,2020,Coronavirus,Health,5,51,51,#f4628f
1591,665,2020,Coronavirus,Health,5,51,51,#f4628f
1592,666,2020,Coronavirus,Health,5,51,51,#f4628f
1593,667,2020,Coronavirus,Health,5,51,51,#f4628f
1594,668,2020,Coronavirus,Health,5,51,51,#f4628f
1595,669,2020,Coronavirus,Health,5,51,51,#f4628f
1596,670,2020,Coronavirus,Health,5,51,51,#f4628f
1597,671,2020,Coronavirus,Health,5,51,51,#f4628f
1598,672,2020,Coronavirus,Health,5,51,51,#f4628f
1599,673,2020,Coronavirus,Health,5,51,51,#f4628f
1600,674,2020,Coronavirus,Health,5,51,51,#f4628f
1601,675,2020,Coronavirus,Health,5,51,51,#f4628f
1602,676,2020,Coronavirus,Health,5,51,51,#f4628f
1603,677,2020,Coronavirus,Health,5,51,51,#f4628f
1604,678,2020,Coronavirus,Health,5,51,51,#f4628f
1605,679,2020,Coronavirus,Health,5,51,51,#f4628f
1606,680,2020,Coronavirus,Health,5,51,51,#f4628f
1607,681,2020,Coronavirus,Health,5,51,51,#f4628f
1608,682,2020,Coronavirus,Health,5,51,51,#f4628f
1609,683,2020,Coronavirus,Health,5,51,51,#f4628f
1610,684,2020,Coronavirus,Health,5,51,51,#f4628f
1611,685,2020,Coronavirus,Health,5,51,51,#f4628f
1612,686,2020,Coronavirus,Health,5,51,51,#f4628f
1613,687,2020,Coronavirus,Health,5,51,51,#f4628f
1614,688,2020,Coronavirus,Health,5,51,51,#f4628f
1615,689,2020,Coronavirus,Health,5,51,51,#f4628f
9999,1,9999,ICE,topicblank,0,9999,1,#ffffff
9999,2,9999,ICE,topicblank,0,0,1,#ffffff
9999,4,9999,Medallion ,topicblank,0,9999,1,#ffffff
9999,5,9999,Medallion ,topicblank,0,0,1,#ffffff
9999,6,9999,Medallion ,topicblank,0,0,1,#ffffff
9999,7,9999,Medallion ,topicblank,0,0,1,#ffffff
9999,9,9999,Foie Gras Ban,topicblank,0,9999,2,#ffffff
9999,10,9999,Foie Gras Ban,topicblank,0,0,2,#ffffff
9999,11,9999,Foie Gras Ban,topicblank,0,0,2,#ffffff
9999,12,9999,Foie Gras Ban,topicblank,0,0,2,#ffffff
9999,13,9999,Foie Gras Ban,topicblank,0,0,2,#ffffff
9999,16,9999,Plastic Bag Ban,topicblank,0,9999,3,#ffffff
9999,17,9999,Plastic Bag Ban,topicblank,0,0,3,#ffffff
9999,18,9999,Plastic Bag Ban,topicblank,0,0,3,#ffffff
9999,19,9999,Plastic Bag Ban,topicblank,0,0,3,#ffffff
9999,20,9999,Plastic Bag Ban,topicblank,0,0,3,#ffffff
9999,24,9999,Primaries,topicblank,0,9999,4,#ffffff
9999,25,9999,Primaries,topicblank,0,0,4,#ffffff
9999,26,9999,Primaries,topicblank,0,0,4,#ffffff
9999,31,9999,Google,topicblank,0,9999,6,#ffffff
9999,32,9999,Google,topicblank,0,0,6,#ffffff
9999,33,9999,Google,topicblank,0,0,6,#ffffff
9999,40,9999,E-Cigarette Ban,topicblank,0,9999,8,#ffffff
9999,41,9999,E-Cigarette Ban,topicblank,0,0,8,#ffffff
9999,42,9999,E-Cigarette Ban,topicblank,0,0,8,#ffffff
9999,43,9999,E-Cigarette Ban,topicblank,0,0,8,#ffffff
9999,44,9999,E-Cigarette Ban,topicblank,0,0,8,#ffffff
9999,53,9999,Voting,topicblank,0,9999,9,#ffffff
9999,54,9999,Voting,topicblank,0,0,9,#ffffff
9999,55,9999,Voting,topicblank,0,0,9,#ffffff
9999,65,9999,Public Health,topicblank,0,9999,12,#ffffff
9999,66,9999,Public Health,topicblank,0,0,12,#ffffff
9999,67,9999,Public Health,topicblank,0,0,12,#ffffff
9999,68,9999,Public Health,topicblank,0,0,12,#ffffff
9999,69,9999,Public Health,topicblank,0,0,12,#ffffff
9999,82,9999,Environment,topicblank,0,9999,14,#ffffff
9999,83,9999,Environment,topicblank,0,0,14,#ffffff
9999,84,9999,Environment,topicblank,0,0,14,#ffffff
9999,84,9999,Environment,topicblank,0,0,14,#ffffff
9999,85,9999,Environment,topicblank,0,0,14,#ffffff
9999,100,9999,City Council ,topicblank,0,9999,16,#ffffff
9999,101,9999,City Council ,topicblank,0,0,16,#ffffff
9999,102,9999,City Council ,topicblank,0,0,16,#ffffff
9999,103,9999,City Council ,topicblank,0,0,16,#ffffff
9999,120,9999,Minimum Wage,topicblank,0,9999,19,#ffffff
9999,121,9999,Minimum Wage,topicblank,0,0,19,#ffffff
9999,122,9999,Minimum Wage,topicblank,0,0,19,#ffffff
9999,123,9999,Minimum Wage,topicblank,0,0,19,#ffffff
9999,124,9999,Minimum Wage,topicblank,0,0,19,#ffffff
9999,144,9999,Hudson Yards,topicblank,0,9999,22,#ffffff
9999,145,9999,Hudson Yards,topicblank,0,0,22,#ffffff
9999,146,9999,Hudson Yards,topicblank,0,0,22,#ffffff
9999,147,9999,Hudson Yards,topicblank,0,0,22,#ffffff
9999,148,9999,Hudson Yards,topicblank,0,0,22,#ffffff
9999,171,9999,City Streets,topicblank,0,9999,28,#ffffff
9999,172,9999,City Streets,topicblank,0,0,28,#ffffff
9999,173,9999,City Streets,topicblank,0,0,28,#ffffff
9999,174,9999,City Streets,topicblank,0,0,28,#ffffff
9999,203,9999,Rikers Spying Investigation,topicblank,0,9999,33,#ffffff
9999,204,9999,Rikers Spying Investigation,topicblank,0,0,33,#ffffff
9999,205,9999,Rikers Spying Investigation,topicblank,0,0,33,#ffffff
9999,206,9999,Rikers Spying Investigation,topicblank,0,0,33,#ffffff
9999,207,9999,Rikers Spying Investigation,topicblank,0,0,33,#ffffff
9999,208,9999,Rikers Spying Investigation,topicblank,0,0,33,#ffffff
9999,209,9999,Rikers Spying Investigation,topicblank,0,0,33,#ffffff
9999,210,9999,Rikers Spying Investigation,topicblank,0,0,33,#ffffff
9999,244,9999,Rikers Mental Health,topicblank,0,9999,38,#ffffff
9999,245,9999,Rikers Mental Health,topicblank,0,0,38,#ffffff
9999,246,9999,Rikers Mental Health,topicblank,0,0,38,#ffffff
9999,248,9999,Rikers Mental Health,topicblank,0,0,38,#ffffff
9999,249,9999,Rikers Mental Health,topicblank,0,0,38,#ffffff
9999,250,9999,Rikers Mental Health,topicblank,0,0,38,#ffffff
9999,289,9999,Ridesharing,topicblank,0,9999,41,#ffffff
9999,290,9999,Ridesharing,topicblank,0,0,41,#ffffff
9999,291,9999,Ridesharing,topicblank,0,0,41,#ffffff
9999,292,9999,Ridesharing,topicblank,0,0,41,#ffffff
9999,334,9999,BLM Defunding Police,topicblank,0,9999,41,#ffffff
9999,335,9999,BLM Defunding Police,topicblank,0,0,41,#ffffff
9999,336,9999,BLM Defunding Police,topicblank,0,0,41,#ffffff
9999,337,9999,BLM Defunding Police,topicblank,0,0,41,#ffffff
9999,338,9999,BLM Defunding Police,topicblank,0,0,41,#ffffff
9999,339,9999,BLM Defunding Police,topicblank,0,0,41,#ffffff
9999,340,9999,BLM Defunding Police,topicblank,0,0,41,#ffffff
9999,382,9999,Marijuana,topicblank,0,9999,43,#ffffff
9999,383,9999,Marijuana,topicblank,0,0,43,#ffffff
9999,384,9999,Marijuana,topicblank,0,0,43,#ffffff
9999,385,9999,Marijuana,topicblank,0,0,43,#ffffff
9999,429,9999,BLM Police Protest,topicblank,0,9999,43,#ffffff
9999,430,9999,BLM Police Protest,topicblank,0,0,43,#ffffff
9999,431,9999,BLM Police Protest,topicblank,0,0,43,#ffffff
9999,432,9999,BLM Police Protest,topicblank,0,0,43,#ffffff
9999,433,9999,BLM Police Protest,topicblank,0,0,43,#ffffff
9999,434,9999,BLM Police Protest,topicblank,0,0,43,#ffffff
9999,478,9999,Medallion Loans,topicblank,0,9999,45,#ffffff
9999,479,9999,Medallion Loans,topicblank,0,0,45,#ffffff
9999,480,9999,Medallion Loans,topicblank,0,0,45,#ffffff
9999,480,9999,Medallion Loans,topicblank,0,0,45,#ffffff
9999,481,9999,Medallion Loans,topicblank,0,0,45,#ffffff
9999,482,9999,Medallion Loans,topicblank,0,0,45,#ffffff
9999,528,9999,Affordable Housing,topicblank,0,9999,48,#ffffff
9999,529,9999,Affordable Housing,topicblank,0,0,48,#ffffff
9999,530,9999,Affordable Housing,topicblank,0,0,48,#ffffff
9999,530,9999,Affordable Housing,topicblank,0,0,48,#ffffff
9999,531,9999,Affordable Housing,topicblank,0,0,48,#ffffff
9999,532,9999,Affordable Housing,topicblank,0,0,48,#ffffff
9999,533,9999,Affordable Housing,topicblank,0,0,48,#ffffff
9999,582,9999,Rikers Closing,topicblank,0,9999,48,#ffffff
9999,583,9999,Rikers Closing,topicblank,0,0,48,#ffffff
9999,584,9999,Rikers Closing,topicblank,0,0,48,#ffffff
9999,585,9999,Rikers Closing,topicblank,0,0,48,#ffffff
9999,586,9999,Rikers Closing,topicblank,0,0,48,#ffffff
9999,635,9999,Coronavirus,topicblank,0,9999,51,#ffffff
9999,636,9999,Coronavirus,topicblank,0,0,51,#ffffff
9999,637,9999,Coronavirus,topicblank,0,0,51,#ffffff
9999,638,9999,Coronavirus,topicblank,0,0,51,#ffffff
9999,690,9999,Housing,topicblank,0,9999,56,#ffffff
9999,691,9999,Housing,topicblank,0,0,56,#ffffff
9999,692,9999,Housing,topicblank,0,0,56,#ffffff
9999,749,9999,Real Estate,topicblank,0,9999,76,#ffffff
9999,750,9999,Real Estate,topicblank,0,0,76,#ffffff
9999,751,9999,Real Estate,topicblank,0,0,76,#ffffff
9999,752,9999,Real Estate,topicblank,0,0,76,#ffffff
9999,829,9999,Homelessness,topicblank,0,9999,79,#ffffff
9999,830,9999,Homelessness,topicblank,0,0,79,#ffffff
9999,831,9999,Homelessness,topicblank,0,0,79,#ffffff
9999,832,9999,Homelessness,topicblank,0,0,79,#ffffff
9999,833,9999,Homelessness,topicblank,0,0,79,#ffffff
9999,913,9999,Amazon,topicblank,0,9999,85,#ffffff
9999,914,9999,Amazon,topicblank,0,0,85,#ffffff
9999,915,9999,Amazon,topicblank,0,0,85,#ffffff
9999,1001,9999,NYC Transit,topicblank,0,9999,117,#ffffff
9999,1002,9999,NYC Transit,topicblank,0,0,117,#ffffff
9999,1003,9999,NYC Transit,topicblank,0,0,117,#ffffff
9999,1004,9999,NYC Transit,topicblank,0,0,117,#ffffff
9999,1122,9999,Police,topicblank,0,9999,190,#ffffff
9999,1123,9999,Police,topicblank,0,0,190,#ffffff
9999,1124,9999,Police,topicblank,0,0,190,#ffffff
9999,1315,9999,Election,topicblank,0,9999,194,#ffffff
9999,1316,9999,Election,topicblank,0,0,194,#ffffff
9999,1317,9999,Election,topicblank,0,0,194,#ffffff
9999,1512,9999,Education,topicblank,0,9999,226,#ffffff
9999,1513,9999,Education,topicblank,0,0,226,#ffffff
9999,1514,9999,Education,topicblank,0,0,226,#ffffff
9999,1515,9999,Education,topicblank,0,0,226,#ffffff